time,original,missing,interpolated,mask
0,1.9925200000000002e-07,1.9925200000000002e-07,1.9925200000000002e-07,0
1,4.4569700000000005e-07,4.4569700000000005e-07,4.4569700000000005e-07,0
2,6.3028e-07,6.3028e-07,6.3028e-07,0
3,6.715730000000001e-07,6.715730000000001e-07,6.715730000000001e-07,0
4,7.81246e-07,7.81246e-07,7.81246e-07,0
5,8.354959999999999e-07,8.354959999999999e-07,8.354959999999999e-07,0
6,1.14701e-06,1.14701e-06,1.14701e-06,0
7,6.693790000000001e-07,6.693790000000001e-07,6.693790000000001e-07,0
8,7.643779999999999e-07,7.643779999999999e-07,7.643779999999999e-07,0
9,8.17056e-07,8.17056e-07,8.17056e-07,0
10,9.120920000000001e-07,9.120920000000001e-07,9.120920000000001e-07,0
11,7.48816e-07,7.48816e-07,7.48816e-07,0
12,6.51462e-07,6.51462e-07,6.51462e-07,0
13,2.7825700000000003e-07,2.7825700000000003e-07,2.7825700000000003e-07,0
14,2.90559e-07,2.90559e-07,2.90559e-07,0
15,3.3949400000000004e-07,3.3949400000000004e-07,3.3949400000000004e-07,0
16,1.5754400000000002e-07,1.5754400000000002e-07,1.5754400000000002e-07,0
17,2.5459100000000003e-07,2.5459100000000003e-07,2.5459100000000003e-07,0
18,2.1608700000000002e-07,2.1608700000000002e-07,2.1608700000000002e-07,0
19,2.79442e-07,2.79442e-07,2.79442e-07,0
20,3.8508300000000003e-07,3.8508300000000003e-07,3.8508300000000003e-07,0
21,3.6295100000000003e-07,3.6295100000000003e-07,3.6295100000000003e-07,0
22,2.92909e-07,2.92909e-07,2.92909e-07,0
23,1.8975000000000001e-07,1.8975000000000001e-07,1.8975000000000001e-07,0
24,2.1179000000000002e-07,2.1179000000000002e-07,2.1179000000000002e-07,0
25,2.62219e-07,2.62219e-07,2.62219e-07,0
26,4.3820900000000003e-07,4.3820900000000003e-07,4.3820900000000003e-07,0
27,2.8666300000000003e-07,2.8666300000000003e-07,2.8666300000000003e-07,0
28,1.61248e-07,1.61248e-07,1.61248e-07,0
29,1.8781800000000002e-07,1.8781800000000002e-07,1.8781800000000002e-07,0
30,1.20577e-07,1.20577e-07,1.20577e-07,0
31,7.86813e-08,7.86813e-08,7.86813e-08,0
32,1.83988e-08,1.83988e-08,1.83988e-08,0
33,9.35994e-08,9.35994e-08,9.35994e-08,0
34,2.13277e-07,2.13277e-07,2.13277e-07,0
35,8.90982e-08,8.90982e-08,8.90982e-08,0
36,8.494349999999998e-08,8.494349999999998e-08,8.494349999999998e-08,0
37,1.1896500000000001e-07,1.1896500000000001e-07,1.1896500000000001e-07,0
38,6.38402e-08,6.38402e-08,6.38402e-08,0
39,4.69927e-08,4.69927e-08,4.69927e-08,0
40,1.31224e-07,1.31224e-07,1.31224e-07,0
41,5.76448e-08,5.76448e-08,5.76448e-08,0
42,5.3695700000000003e-08,5.3695700000000003e-08,5.3695700000000003e-08,0
43,4.83571e-08,4.83571e-08,4.83571e-08,0
44,8.082981481481482e-08,8.082981481481482e-08,8.082981481481482e-08,0
45,1.411362851851852e-07,1.411362851851852e-07,1.411362851851852e-07,0
46,1.73609e-07,1.73609e-07,1.73609e-07,0
47,1.25274e-07,1.25274e-07,1.25274e-07,0
48,1.17411e-07,1.17411e-07,1.17411e-07,0
49,5.49593e-08,5.49593e-08,5.49593e-08,0
50,9.70162e-08,9.70162e-08,9.70162e-08,0
51,9.454124197977112e-08,9.454124197977112e-08,9.454124197977112e-08,0
52,8.777591194605635e-08,8.777591194605635e-08,8.777591194605635e-08,0
53,7.770952593931342e-08,7.770952593931342e-08,7.770952593931342e-08,0
54,6.53314e-08,6.53314e-08,6.53314e-08,0
55,3.372195402697181e-08,3.372195402697181e-08,3.372195402697181e-08,0
56,8.714619999999999e-09,8.714619999999999e-09,8.714619999999999e-09,0
57,1.39371e-08,1.39371e-08,1.39371e-08,0
58,1.1522000000000001e-07,1.1522000000000001e-07,1.1522000000000001e-07,0
59,1.1766000000000001e-07,1.1766000000000001e-07,1.1766000000000001e-07,0
60,1.1210556053867464e-07,1.1210556053867464e-07,1.1210556053867464e-07,0
61,9.912494329957153e-08,9.912494329957153e-08,9.912494329957153e-08,0
62,8.42422e-08,8.42422e-08,8.42422e-08,0
63,6.71165e-08,6.71165e-08,6.71165e-08,0
64,5.83734e-08,5.83734e-08,5.83734e-08,0
65,5.7514817475452465e-08,5.7514817475452465e-08,5.7514817475452465e-08,0
66,5.671731903696884e-08,5.671731903696884e-08,5.671731903696884e-08,0
67,5.597820681539009e-08,5.597820681539009e-08,5.597820681539009e-08,0
68,5.52947829415572e-08,5.52947829415572e-08,5.52947829415572e-08,0
69,5.466434954631111e-08,5.466434954631111e-08,5.466434954631111e-08,0
70,5.408420876049281e-08,5.408420876049281e-08,5.408420876049281e-08,0
71,5.355166271494327e-08,5.355166271494327e-08,5.355166271494327e-08,0
72,5.306401354050344e-08,5.306401354050344e-08,5.306401354050344e-08,0
73,5.261856336801431e-08,5.261856336801431e-08,5.261856336801431e-08,0
74,5.2212614328316815e-08,5.2212614328316815e-08,5.2212614328316815e-08,0
75,5.1843468552251975e-08,5.1843468552251975e-08,5.1843468552251975e-08,0
76,5.150842817066072e-08,5.150842817066072e-08,5.150842817066072e-08,0
77,5.120479531438402e-08,5.120479531438402e-08,5.120479531438402e-08,0
78,5.0929872114262864e-08,5.0929872114262864e-08,5.0929872114262864e-08,0
79,5.068096070113821e-08,5.068096070113821e-08,5.068096070113821e-08,0
80,5.0455363205851007e-08,5.0455363205851007e-08,5.0455363205851007e-08,0
81,5.0250381759242246e-08,5.0250381759242246e-08,5.0250381759242246e-08,0
82,5.00633184921529e-08,5.00633184921529e-08,5.00633184921529e-08,0
83,4.9891475535423935e-08,4.9891475535423935e-08,4.9891475535423935e-08,0
84,4.973215501989631e-08,4.973215501989631e-08,4.973215501989631e-08,0
85,4.958265907641098e-08,4.958265907641098e-08,4.958265907641098e-08,0
86,4.944028983580895e-08,4.944028983580895e-08,4.944028983580895e-08,0
87,4.9302349428931154e-08,4.9302349428931154e-08,4.9302349428931154e-08,0
88,4.916613998661858e-08,4.916613998661858e-08,4.916613998661858e-08,0
89,4.9028963639712204e-08,4.9028963639712204e-08,4.9028963639712204e-08,0
90,4.888812251905296e-08,4.888812251905296e-08,4.888812251905296e-08,0
91,4.8740918755481854e-08,4.8740918755481854e-08,4.8740918755481854e-08,0
92,4.858465447983984e-08,4.858465447983984e-08,4.858465447983984e-08,0
93,4.841663182296788e-08,4.841663182296788e-08,4.841663182296788e-08,0
94,4.823415291570695e-08,4.823415291570695e-08,4.823415291570695e-08,0
95,4.8034519888898016e-08,4.8034519888898016e-08,4.8034519888898016e-08,0
96,4.7815034873382044e-08,4.7815034873382044e-08,4.7815034873382044e-08,0
97,4.7573e-08,4.7573e-08,4.7573e-08,0
98,4.731780361327792e-08,4.731780361327792e-08,4.731780361327792e-08,0
99,4.706137994810005e-08,4.706137994810005e-08,4.706137994810005e-08,0
100,4.680484997084476e-08,4.680484997084476e-08,4.680484997084476e-08,0
101,4.6549334647890376e-08,4.6549334647890376e-08,4.6549334647890376e-08,0
102,4.629595494561527e-08,4.629595494561527e-08,4.629595494561527e-08,0
103,4.604583183039776e-08,4.604583183039776e-08,4.604583183039776e-08,0
104,4.580008626861622e-08,4.580008626861622e-08,4.580008626861622e-08,0
105,4.5559839226648974e-08,4.5559839226648974e-08,4.5559839226648974e-08,0
106,4.53262116708744e-08,4.53262116708744e-08,4.53262116708744e-08,0
107,4.510032456767082e-08,4.510032456767082e-08,4.510032456767082e-08,0
108,4.4883298883416594e-08,4.4883298883416594e-08,4.4883298883416594e-08,0
109,4.467625558449006e-08,4.467625558449006e-08,4.467625558449006e-08,0
110,4.448031563726958e-08,4.448031563726958e-08,4.448031563726958e-08,0
111,4.429660000813348e-08,4.429660000813348e-08,4.429660000813348e-08,0
112,4.4126229663460127e-08,4.4126229663460127e-08,4.4126229663460127e-08,0
113,4.397032556962787e-08,4.397032556962787e-08,4.397032556962787e-08,0
114,4.3830008693015046e-08,4.3830008693015046e-08,4.3830008693015046e-08,0
115,4.37064e-08,4.37064e-08,4.37064e-08,0
116,4.359513594426593e-08,4.359513594426593e-08,4.359513594426593e-08,0
117,4.349083129738583e-08,4.349083129738583e-08,4.349083129738583e-08,0
118,4.339307450257274e-08,4.339307450257274e-08,4.339307450257274e-08,0
119,4.330145400303973e-08,4.330145400303973e-08,4.330145400303973e-08,0
120,4.3215558241999834e-08,4.3215558241999834e-08,4.3215558241999834e-08,0
121,4.3134975662666106e-08,4.3134975662666106e-08,4.3134975662666106e-08,0
122,4.305929470825161e-08,4.305929470825161e-08,4.305929470825161e-08,0
123,4.298810382196941e-08,4.298810382196941e-08,4.298810382196941e-08,0
124,4.292099144703252e-08,4.292099144703252e-08,4.292099144703252e-08,0
125,4.285754602665402e-08,4.285754602665402e-08,4.285754602665402e-08,0
126,4.2797356004046975e-08,4.2797356004046975e-08,4.2797356004046975e-08,0
127,4.2740009822424414e-08,4.2740009822424414e-08,4.2740009822424414e-08,0
128,4.268509592499941e-08,4.268509592499941e-08,4.268509592499941e-08,0
129,4.2632202754984976e-08,4.2632202754984976e-08,4.2632202754984976e-08,0
130,4.258091875559421e-08,4.258091875559421e-08,4.258091875559421e-08,0
131,4.253083237004016e-08,4.253083237004016e-08,4.253083237004016e-08,0
132,4.2481532041535855e-08,4.2481532041535855e-08,4.2481532041535855e-08,0
133,4.243260621329436e-08,4.243260621329436e-08,4.243260621329436e-08,0
134,4.238364332852872e-08,4.238364332852872e-08,4.238364332852872e-08,0
135,4.2334231830452004e-08,4.2334231830452004e-08,4.2334231830452004e-08,0
136,4.2283960162277256e-08,4.2283960162277256e-08,4.2283960162277256e-08,0
137,4.2232416767217526e-08,4.2232416767217526e-08,4.2232416767217526e-08,0
138,4.217919008848587e-08,4.217919008848587e-08,4.217919008848587e-08,0
139,4.2123868569295335e-08,4.2123868569295335e-08,4.2123868569295335e-08,0
140,4.2066040652859e-08,4.2066040652859e-08,4.2066040652859e-08,0
141,4.200529478238987e-08,4.200529478238987e-08,4.200529478238987e-08,0
142,4.194121940110104e-08,4.194121940110104e-08,4.194121940110104e-08,0
143,4.187340295220554e-08,4.187340295220554e-08,4.187340295220554e-08,0
144,4.180143387891643e-08,4.180143387891643e-08,4.180143387891643e-08,0
145,4.1724900624446777e-08,4.1724900624446777e-08,4.1724900624446777e-08,0
146,4.164339163200961e-08,4.164339163200961e-08,4.164339163200961e-08,0
147,4.1556495344817995e-08,4.1556495344817995e-08,4.1556495344817995e-08,0
148,4.146380020608498e-08,4.146380020608498e-08,4.146380020608498e-08,0
149,4.1364894659023615e-08,4.1364894659023615e-08,4.1364894659023615e-08,0
150,4.1259367146846966e-08,4.1259367146846966e-08,4.1259367146846966e-08,0
151,4.114680611276808e-08,4.114680611276808e-08,4.114680611276808e-08,0
152,4.10268e-08,4.10268e-08,4.10268e-08,0
153,4.087258918726381e-08,4.087258918726381e-08,4.087258918726381e-08,0
154,4.066205487190006e-08,4.066205487190006e-08,4.066205487190006e-08,0
155,4.0401746725051056e-08,4.0401746725051056e-08,4.0401746725051056e-08,0
156,4.009821441785906e-08,4.009821441785906e-08,4.009821441785906e-08,0
157,3.975800762146641e-08,3.975800762146641e-08,3.975800762146641e-08,0
158,3.938767600701535e-08,3.938767600701535e-08,3.938767600701535e-08,0
159,3.899376924564819e-08,3.899376924564819e-08,3.899376924564819e-08,0
160,3.858283700850722e-08,3.858283700850722e-08,3.858283700850722e-08,0
161,3.8161428966734734e-08,3.8161428966734734e-08,3.8161428966734734e-08,0
162,3.7736094791473024e-08,3.7736094791473024e-08,3.7736094791473024e-08,0
163,3.7313384153864363e-08,3.7313384153864363e-08,3.7313384153864363e-08,0
164,3.689984672505105e-08,3.689984672505105e-08,3.689984672505105e-08,0
165,3.650203217617539e-08,3.650203217617539e-08,3.650203217617539e-08,0
166,3.6126490178379646e-08,3.6126490178379646e-08,3.6126490178379646e-08,0
167,3.577977040280614e-08,3.577977040280614e-08,3.577977040280614e-08,0
168,3.5468422520597136e-08,3.5468422520597136e-08,3.5468422520597136e-08,0
169,3.519899620289494e-08,3.519899620289494e-08,3.519899620289494e-08,0
170,3.4978041120841843e-08,3.4978041120841843e-08,3.4978041120841843e-08,0
171,3.481210694558013e-08,3.481210694558013e-08,3.481210694558013e-08,0
172,3.470774334825208e-08,3.470774334825208e-08,3.470774334825208e-08,0
173,3.46715e-08,3.46715e-08,3.46715e-08,0
174,3.488984895757399e-08,3.488984895757399e-08,3.488984895757399e-08,0
175,3.551313598192156e-08,3.551313598192156e-08,3.551313598192156e-08,0
176,3.649372130048112e-08,3.649372130048112e-08,3.649372130048112e-08,0
177,3.7783965140691056e-08,3.7783965140691056e-08,3.7783965140691056e-08,0
178,3.9336227729989794e-08,3.9336227729989794e-08,3.9336227729989794e-08,0
179,4.1102869295815724e-08,4.1102869295815724e-08,4.1102869295815724e-08,0
180,4.303625006560722e-08,4.303625006560722e-08,4.303625006560722e-08,0
181,4.508873026680274e-08,4.508873026680274e-08,4.508873026680274e-08,0
182,4.721267012684065e-08,4.721267012684065e-08,4.721267012684065e-08,0
183,4.9360429873159355e-08,4.9360429873159355e-08,4.9360429873159355e-08,0
184,5.1484369733197246e-08,5.1484369733197246e-08,5.1484369733197246e-08,0
185,5.353684993439276e-08,5.353684993439276e-08,5.353684993439276e-08,0
186,5.547023070418428e-08,5.547023070418428e-08,5.547023070418428e-08,0
187,5.723687227001021e-08,5.723687227001021e-08,5.723687227001021e-08,0
188,5.878913485930894e-08,5.878913485930894e-08,5.878913485930894e-08,0
189,6.007937869951888e-08,6.007937869951888e-08,6.007937869951888e-08,0
190,6.105996401807843e-08,6.105996401807843e-08,6.105996401807843e-08,0
191,6.168325104242602e-08,6.168325104242602e-08,6.168325104242602e-08,0
192,6.19016e-08,6.19016e-08,6.19016e-08,0
193,4.7690700000000004e-08,4.7690700000000004e-08,4.7690700000000004e-08,0
194,1.61543e-07,1.61543e-07,1.61543e-07,0
195,1.0335100000000001e-07,1.0335100000000001e-07,1.0335100000000001e-07,0
196,6.875358264651305e-08,6.875358264651305e-08,6.875358264651305e-08,0
197,5.26263e-08,5.26263e-08,5.26263e-08,0
198,7.46063e-08,7.46063e-08,7.46063e-08,0
199,4.684008210298458e-08,4.684008210298458e-08,4.684008210298458e-08,0
200,1.42482e-08,1.42482e-08,1.42482e-08,0
201,7.997979999999998e-09,7.997979999999998e-09,7.997979999999998e-09,0
202,1.2027176126915516e-08,1.2027176126915516e-08,1.2027176126915516e-08,0
203,2.4452154476053258e-08,2.4452154476053258e-08,2.4452154476053258e-08,0
204,4.5779e-08,4.5779e-08,4.5779e-08,0
205,1.5270500000000002e-07,1.5270500000000002e-07,1.5270500000000002e-07,0
206,9.80888e-08,9.80888e-08,9.80888e-08,0
207,7.310276036611406e-08,7.310276036611406e-08,7.310276036611406e-08,0
208,5.347915643654583e-08,5.347915643654583e-08,5.347915643654583e-08,0
209,4.065279928870468e-08,4.065279928870468e-08,4.065279928870468e-08,0
210,3.60585e-08,3.60585e-08,3.60585e-08,0
211,3.675030540946656e-08,3.675030540946656e-08,3.675030540946656e-08,0
212,3.864719120961683e-08,3.864719120961683e-08,3.864719120961683e-08,0
213,4.148136175807663e-08,4.148136175807663e-08,4.148136175807663e-08,0
214,4.4985021412471825e-08,4.4985021412471825e-08,4.4985021412471825e-08,0
215,4.8890374530428254e-08,4.8890374530428254e-08,4.8890374530428254e-08,0
216,5.2929625469571754e-08,5.2929625469571754e-08,5.2929625469571754e-08,0
217,5.6834978587528177e-08,5.6834978587528177e-08,5.6834978587528177e-08,0
218,6.033863824192336e-08,6.033863824192336e-08,6.033863824192336e-08,0
219,6.317280879038317e-08,6.317280879038317e-08,6.317280879038317e-08,0
220,6.506969459053344e-08,6.506969459053344e-08,6.506969459053344e-08,0
221,6.57615e-08,6.57615e-08,6.57615e-08,0
222,4.54268e-08,4.54268e-08,4.54268e-08,0
223,4.234696069732418e-08,4.234696069732418e-08,4.234696069732418e-08,0
224,3.971158717264038e-08,3.971158717264038e-08,3.971158717264038e-08,0
225,3.748883224134177e-08,3.748883224134177e-08,3.748883224134177e-08,0
226,3.5646848718821513e-08,3.5646848718821513e-08,3.5646848718821513e-08,0
227,3.4153789420472785e-08,3.4153789420472785e-08,3.4153789420472785e-08,0
228,3.297780716168876e-08,3.297780716168876e-08,3.297780716168876e-08,0
229,3.20870547578626e-08,3.20870547578626e-08,3.20870547578626e-08,0
230,3.1449685024387464e-08,3.1449685024387464e-08,3.1449685024387464e-08,0
231,3.1033850776656543e-08,3.1033850776656543e-08,3.1033850776656543e-08,0
232,3.0807704830063e-08,3.0807704830063e-08,3.0807704830063e-08,0
233,3.07394e-08,3.07394e-08,3.07394e-08,0
234,3.3915380974055535e-08,3.3915380974055535e-08,3.3915380974055535e-08,0
235,4.275662530723715e-08,4.275662530723715e-08,4.275662530723715e-08,0
236,5.623308511606737e-08,5.623308511606737e-08,5.623308511606737e-08,0
237,7.331471251706874e-08,7.331471251706874e-08,7.331471251706874e-08,0
238,9.29714596267638e-08,9.29714596267638e-08,9.29714596267638e-08,0
239,1.1417327856167501e-07,1.1417327856167501e-07,1.1417327856167501e-07,0
240,1.3589012143832502e-07,1.3589012143832502e-07,1.3589012143832502e-07,0
241,1.5709194037323626e-07,1.5709194037323626e-07,1.5709194037323626e-07,0
242,1.7674868748293133e-07,1.7674868748293133e-07,1.7674868748293133e-07,0
243,1.9383031488393273e-07,1.9383031488393273e-07,1.9383031488393273e-07,0
244,2.073067746927629e-07,2.073067746927629e-07,2.073067746927629e-07,0
245,2.161480190259445e-07,2.161480190259445e-07,2.161480190259445e-07,0
246,2.19324e-07,2.19324e-07,2.19324e-07,0
247,1.9244632812500001e-07,1.9244632812500001e-07,1.9244632812500001e-07,0
248,1.3331545000000002e-07,1.3331545000000002e-07,1.3331545000000002e-07,0
249,7.418457187499998e-08,7.418457187499998e-08,7.418457187499998e-08,0
250,4.73069e-08,4.73069e-08,4.73069e-08,0
251,1.0487145e-07,1.0487145e-07,1.0487145e-07,0
252,1.62436e-07,1.62436e-07,1.62436e-07,0
253,1.5372625925925926e-07,1.5372625925925926e-07,1.5372625925925926e-07,0
254,1.3195190740740744e-07,1.3195190740740744e-07,1.3195190740740744e-07,0
255,1.0364525e-07,1.0364525e-07,1.0364525e-07,0
256,7.533859259259261e-08,7.533859259259261e-08,7.533859259259261e-08,0
257,5.3564240740740754e-08,5.3564240740740754e-08,5.3564240740740754e-08,0
258,4.48545e-08,4.48545e-08,4.48545e-08,0
259,9.098425e-08,9.098425e-08,9.098425e-08,0
260,1.3711400000000002e-07,1.3711400000000002e-07,1.3711400000000002e-07,0
261,1.69155e-08,1.69155e-08,1.69155e-08,0
262,6.95623e-08,6.95623e-08,6.95623e-08,0
263,4.98074e-08,4.98074e-08,4.98074e-08,0
264,4.145380866931849e-08,4.145380866931849e-08,4.145380866931849e-08,0
265,3.57473487791037e-08,3.57473487791037e-08,3.57473487791037e-08,0
266,3.36348e-08,3.36348e-08,3.36348e-08,0
267,5.34218e-08,5.34218e-08,5.34218e-08,0
268,5.06272e-08,5.06272e-08,5.06272e-08,0
269,3.403935288965944e-08,3.403935288965944e-08,3.403935288965944e-08,0
270,1.96494e-08,1.96494e-08,1.96494e-08,0
271,1.3881700000000002e-07,1.3881700000000002e-07,1.3881700000000002e-07,0
272,1.0816275555555557e-07,1.0816275555555557e-07,1.0816275555555557e-07,0
273,5.123344444444445e-08,5.123344444444445e-08,5.123344444444445e-08,0
274,2.05792e-08,2.05792e-08,2.05792e-08,0
275,2.6414200000000002e-08,2.6414200000000002e-08,2.6414200000000002e-08,0
276,4.19156422826464e-08,4.19156422826464e-08,4.19156422826464e-08,0
277,6.245343780798987e-08,6.245343780798987e-08,6.245343780798987e-08,0
278,7.27045e-08,7.27045e-08,7.27045e-08,0
279,7.136898902606312e-08,7.136898902606312e-08,7.136898902606312e-08,0
280,6.77898196159122e-08,6.77898196159122e-08,6.77898196159122e-08,0
281,6.260803703703705e-08,6.260803703703705e-08,6.260803703703705e-08,0
282,5.6464686556927295e-08,5.6464686556927295e-08,5.6464686556927295e-08,0
283,5.00008134430727e-08,5.00008134430727e-08,5.00008134430727e-08,0
284,4.385746296296296e-08,4.385746296296296e-08,4.385746296296296e-08,0
285,3.867568038408778e-08,3.867568038408778e-08,3.867568038408778e-08,0
286,3.5096510973936895e-08,3.5096510973936895e-08,3.5096510973936895e-08,0
287,3.3761e-08,3.3761e-08,3.3761e-08,0
288,3.3831213410031066e-08,3.3831213410031066e-08,3.3831213410031066e-08,0
289,3.4040559522972536e-08,3.4040559522972536e-08,3.4040559522972536e-08,0
290,3.4387097163096806e-08,3.4387097163096806e-08,3.4387097163096806e-08,0
291,3.486888515467627e-08,3.486888515467627e-08,3.486888515467627e-08,0
292,3.5483982321983325e-08,3.5483982321983325e-08,3.5483982321983325e-08,0
293,3.62304474892904e-08,3.62304474892904e-08,3.62304474892904e-08,0
294,3.7106339480869856e-08,3.7106339480869856e-08,3.7106339480869856e-08,0
295,3.810971712099413e-08,3.810971712099413e-08,3.810971712099413e-08,0
296,3.92386392339356e-08,3.92386392339356e-08,3.92386392339356e-08,0
297,4.0491164643966666e-08,4.0491164643966666e-08,4.0491164643966666e-08,0
298,4.1865352175359727e-08,4.1865352175359727e-08,4.1865352175359727e-08,0
299,4.33592606523872e-08,4.33592606523872e-08,4.33592606523872e-08,0
300,4.4970948899321465e-08,4.4970948899321465e-08,4.4970948899321465e-08,0
301,4.669847574043493e-08,4.669847574043493e-08,4.669847574043493e-08,0
302,4.85399e-08,4.85399e-08,4.85399e-08,0
303,5.051040807093353e-08,5.051040807093353e-08,5.051040807093353e-08,0
304,5.32954491205426e-08,5.32954491205426e-08,5.32954491205426e-08,0
305,5.7898476134684895e-08,5.7898476134684895e-08,5.7898476134684895e-08,0
306,6.532294209921813e-08,6.532294209921813e-08,6.532294209921813e-08,0
307,7.657229999999998e-08,7.657229999999998e-08,7.657229999999998e-08,0
308,2.0576400000000002e-07,2.0576400000000002e-07,2.0576400000000002e-07,0
309,1.6428900000000002e-07,1.6428900000000002e-07,1.6428900000000002e-07,0
310,1.44362e-07,1.44362e-07,1.44362e-07,0
311,1.36081e-07,1.36081e-07,1.36081e-07,0
312,9.516210000000001e-08,9.516210000000001e-08,9.516210000000001e-08,0
313,9.510415898322512e-08,9.510415898322512e-08,9.510415898322512e-08,0
314,9.50755017138348e-08,9.50755017138348e-08,9.50755017138348e-08,0
315,9.50678e-08,9.50678e-08,9.50678e-08,0
316,3.53029e-07,3.53029e-07,3.53029e-07,0
317,3.7090800000000003e-07,3.7090800000000003e-07,3.7090800000000003e-07,0
318,3.7714300000000003e-07,3.7714300000000003e-07,3.7714300000000003e-07,0
319,1.9563600000000002e-07,1.9563600000000002e-07,1.9563600000000002e-07,0
320,2.25998e-07,2.25998e-07,2.25998e-07,0
321,1.34558e-07,1.34558e-07,1.34558e-07,0
322,3.73719e-08,3.73719e-08,3.73719e-08,0
323,2.38839e-07,2.38839e-07,2.38839e-07,0
324,1.0284700000000001e-07,1.0284700000000001e-07,1.0284700000000001e-07,0
325,1.51928e-07,1.51928e-07,1.51928e-07,0
326,7.34123e-08,7.34123e-08,7.34123e-08,0
327,4.5095e-08,4.5095e-08,4.5095e-08,0
328,8.741589999999998e-09,8.741589999999998e-09,8.741589999999998e-09,0
329,2.456836841616088e-08,2.456836841616088e-08,2.456836841616088e-08,0
330,4.44111e-08,4.44111e-08,4.44111e-08,0
331,4.938310757072734e-08,4.938310757072734e-08,4.938310757072734e-08,0
332,5.47772e-08,5.47772e-08,5.47772e-08,0
333,7.541999999999998e-08,7.541999999999998e-08,7.541999999999998e-08,0
334,7.048064444444445e-08,7.048064444444445e-08,7.048064444444445e-08,0
335,6.130755555555557e-08,6.130755555555557e-08,6.130755555555557e-08,0
336,5.63682e-08,5.63682e-08,5.63682e-08,0
337,6.64279e-08,6.64279e-08,6.64279e-08,0
338,1.2786900000000002e-07,1.2786900000000002e-07,1.2786900000000002e-07,0
339,6.95172e-08,6.95172e-08,6.95172e-08,0
340,5.498727579242767e-08,5.498727579242767e-08,5.498727579242767e-08,0
341,4.4865492371046816e-08,4.4865492371046816e-08,4.4865492371046816e-08,0
342,3.894448776414256e-08,3.894448776414256e-08,3.894448776414256e-08,0
343,3.70169e-08,3.70169e-08,3.70169e-08,0
344,6.47743e-08,6.47743e-08,6.47743e-08,0
345,6.343925939034533e-08,6.343925939034533e-08,6.343925939034533e-08,0
346,6.01398e-08,6.01398e-08,6.01398e-08,0
347,5.1283500000000004e-08,5.1283500000000004e-08,5.1283500000000004e-08,0
348,5.204506954557208e-08,5.204506954557208e-08,5.204506954557208e-08,0
349,5.46661e-08,5.46661e-08,5.46661e-08,0
350,1.45556e-07,1.45556e-07,1.45556e-07,0
351,2.76288e-08,2.76288e-08,2.76288e-08,0
352,1.13686e-07,1.13686e-07,1.13686e-07,0
353,2.1982800000000003e-07,2.1982800000000003e-07,2.1982800000000003e-07,0
354,3.43344e-07,3.43344e-07,3.43344e-07,0
355,3.1727000000000003e-07,3.1727000000000003e-07,3.1727000000000003e-07,0
356,4.2358800000000005e-07,4.2358800000000005e-07,4.2358800000000005e-07,0
357,3.30568e-07,3.30568e-07,3.30568e-07,0
358,2.92531e-07,2.92531e-07,2.92531e-07,0
359,4.97893e-07,4.97893e-07,4.97893e-07,0
360,2.82972e-07,2.82972e-07,2.82972e-07,0
361,2.52534e-07,2.52534e-07,2.52534e-07,0
362,5.01731e-07,5.01731e-07,5.01731e-07,0
363,6.712220000000001e-07,6.712220000000001e-07,6.712220000000001e-07,0
364,5.14864e-07,5.14864e-07,5.14864e-07,0
365,4.49666e-07,4.49666e-07,4.49666e-07,0
366,3.60438e-07,3.60438e-07,3.60438e-07,0
367,2.2463600000000003e-07,2.2463600000000003e-07,2.2463600000000003e-07,0
368,3.9374400000000003e-07,3.9374400000000003e-07,3.9374400000000003e-07,0
369,4.4708000000000006e-07,4.4708000000000006e-07,4.4708000000000006e-07,0
370,8.457779999999998e-08,8.457779999999998e-08,8.457779999999998e-08,0
371,2.46911e-07,2.46911e-07,2.46911e-07,0
372,1.40142e-07,1.40142e-07,1.40142e-07,0
373,1.55983e-07,1.55983e-07,1.55983e-07,0
374,3.29043e-07,3.29043e-07,3.29043e-07,0
375,2.58656e-07,2.58656e-07,2.58656e-07,0
376,2.3233600000000002e-07,2.3233600000000002e-07,2.3233600000000002e-07,0
377,1.9248100000000001e-07,1.9248100000000001e-07,1.9248100000000001e-07,0
378,3.2590200000000003e-07,3.2590200000000003e-07,3.2590200000000003e-07,0
379,2.6773800000000004e-07,2.6773800000000004e-07,2.6773800000000004e-07,0
380,3.7257100000000003e-07,3.7257100000000003e-07,3.7257100000000003e-07,0
381,2.35989e-07,2.35989e-07,2.35989e-07,0
382,3.18662e-07,3.18662e-07,3.18662e-07,0
383,2.59126e-07,2.59126e-07,2.59126e-07,0
384,4.2858400000000005e-07,4.2858400000000005e-07,4.2858400000000005e-07,0
385,2.36687e-07,2.36687e-07,2.36687e-07,0
386,8.54111e-08,8.54111e-08,8.54111e-08,0
387,2.40308e-07,2.40308e-07,2.40308e-07,0
388,5.43974e-07,5.43974e-07,5.43974e-07,0
389,3.9648100000000004e-07,3.9648100000000004e-07,3.9648100000000004e-07,0
390,2.9971600000000003e-07,2.9971600000000003e-07,2.9971600000000003e-07,0
391,2.2881700000000003e-07,2.2881700000000003e-07,2.2881700000000003e-07,0
392,1.2656100000000002e-07,1.2656100000000002e-07,1.2656100000000002e-07,0
393,1.5762e-07,1.5762e-07,1.5762e-07,0
394,1.6671300000000002e-07,1.6671300000000002e-07,1.6671300000000002e-07,0
395,3.5091900000000005e-07,3.5091900000000005e-07,3.5091900000000005e-07,0
396,2.0969600000000003e-07,2.0969600000000003e-07,2.0969600000000003e-07,0
397,3.2518900000000004e-07,3.2518900000000004e-07,3.2518900000000004e-07,0
398,2.74459e-07,2.74459e-07,2.74459e-07,0
399,1.7330000000000002e-07,1.7330000000000002e-07,1.7330000000000002e-07,0
400,1.24263e-07,1.24263e-07,1.24263e-07,0
401,1.2598000000000002e-07,1.2598000000000002e-07,1.2598000000000002e-07,0
402,1.4948500000000002e-07,1.4948500000000002e-07,1.4948500000000002e-07,0
403,2.3499600000000002e-07,2.3499600000000002e-07,2.3499600000000002e-07,0
404,1.62108e-07,1.62108e-07,1.62108e-07,0
405,4.7189900000000006e-07,4.7189900000000006e-07,4.7189900000000006e-07,0
406,3.17265e-07,3.17265e-07,3.17265e-07,0
407,1.3744400000000002e-07,1.3744400000000002e-07,1.3744400000000002e-07,0
408,1.00811e-07,1.00811e-07,1.00811e-07,0
409,2.46744e-08,2.46744e-08,2.46744e-08,0
410,2.6500900000000004e-07,2.6500900000000004e-07,2.6500900000000004e-07,0
411,2.67563e-07,2.67563e-07,2.67563e-07,0
412,1.9827000000000001e-07,1.9827000000000001e-07,1.9827000000000001e-07,0
413,1.42994e-07,1.42994e-07,1.42994e-07,0
414,1.72278e-07,1.72278e-07,1.72278e-07,0
415,1.25384e-07,1.25384e-07,1.25384e-07,0
416,1.60167e-07,1.60167e-07,1.60167e-07,0
417,2.51476e-07,2.51476e-07,2.51476e-07,0
418,8.3267e-08,8.3267e-08,8.3267e-08,0
419,1.2389900000000002e-07,1.2389900000000002e-07,1.2389900000000002e-07,0
420,2.3784700000000003e-07,2.3784700000000003e-07,2.3784700000000003e-07,0
421,1.0453100000000001e-07,1.0453100000000001e-07,1.0453100000000001e-07,0
422,1.22755e-07,1.22755e-07,1.22755e-07,0
423,1.1775300000000001e-07,1.1775300000000001e-07,1.1775300000000001e-07,0
424,8.560189279193373e-08,8.560189279193373e-08,8.560189279193373e-08,0
425,4.58798e-08,4.58798e-08,4.58798e-08,0
426,2.77572e-08,2.77572e-08,2.77572e-08,0
427,1.73521e-07,1.73521e-07,1.73521e-07,0
428,9.62184e-08,9.62184e-08,9.62184e-08,0
429,9.94372e-08,9.94372e-08,9.94372e-08,0
430,1.02656e-07,1.02656e-07,1.02656e-07,0
431,5.50413e-08,5.50413e-08,5.50413e-08,0
432,6.97215e-08,6.97215e-08,6.97215e-08,0
433,6.00826e-08,6.00826e-08,6.00826e-08,0
434,1.3397e-07,1.3397e-07,1.3397e-07,0
435,9.1275e-08,9.1275e-08,9.1275e-08,0
436,9.42817e-09,9.42817e-09,9.42817e-09,0
437,1.1487000000000001e-07,1.1487000000000001e-07,1.1487000000000001e-07,0
438,1.0333800000000001e-07,1.0333800000000001e-07,1.0333800000000001e-07,0
439,1.27867e-07,1.27867e-07,1.27867e-07,0
440,1.44613e-07,1.44613e-07,1.44613e-07,0
441,3.67689e-08,3.67689e-08,3.67689e-08,0
442,1.73309e-07,1.73309e-07,1.73309e-07,0
443,8.56772e-08,8.56772e-08,8.56772e-08,0
444,1.96186e-07,1.96186e-07,1.96186e-07,0
445,2.13395e-08,2.13395e-08,2.13395e-08,0
446,2.615836327474328e-08,2.615836327474328e-08,2.615836327474328e-08,0
447,3.8303e-08,3.8303e-08,3.8303e-08,0
448,7.33492e-08,7.33492e-08,7.33492e-08,0
449,6.39232e-08,6.39232e-08,6.39232e-08,0
450,7.210354999999999e-08,7.210354999999999e-08,7.210354999999999e-08,0
451,8.02839e-08,8.02839e-08,8.02839e-08,0
452,5.006904999999999e-08,5.006904999999999e-08,5.006904999999999e-08,0
453,1.98542e-08,1.98542e-08,1.98542e-08,0
454,6.11477e-08,6.11477e-08,6.11477e-08,0
455,1.4071000000000002e-07,1.4071000000000002e-07,1.4071000000000002e-07,0
456,4.0059e-08,4.0059e-08,4.0059e-08,0
457,4.63022e-08,4.63022e-08,4.63022e-08,0
458,7.310679999999998e-08,7.310679999999998e-08,7.310679999999998e-08,0
459,4.92961e-08,4.92961e-08,4.92961e-08,0
460,6.1301e-08,6.1301e-08,6.1301e-08,0
461,5.820781638230021e-08,5.820781638230021e-08,5.820781638230021e-08,0
462,5.3218300000000003e-08,5.3218300000000003e-08,5.3218300000000003e-08,0
463,4.8883816264824524e-08,4.8883816264824524e-08,4.8883816264824524e-08,0
464,4.427841723539957e-08,4.427841723539957e-08,4.427841723539957e-08,0
465,4.062118458827484e-08,4.062118458827484e-08,4.062118458827484e-08,0
466,3.91312e-08,3.91312e-08,3.91312e-08,0
467,7.29476e-08,7.29476e-08,7.29476e-08,0
468,5.4554485891134875e-08,5.4554485891134875e-08,5.4554485891134875e-08,0
469,3.37331e-08,3.37331e-08,3.37331e-08,0
470,2.9436997369946543e-08,2.9436997369946543e-08,2.9436997369946543e-08,0
471,2.6299078217730264e-08,2.6299078217730264e-08,2.6299078217730264e-08,0
472,2.4375294956648853e-08,2.4375294956648853e-08,2.4375294956648853e-08,0
473,2.37216e-08,2.37216e-08,2.37216e-08,0
474,3.407955e-08,3.407955e-08,3.407955e-08,0
475,4.4437500000000003e-08,4.4437500000000003e-08,4.4437500000000003e-08,0
476,4.1476140625e-08,4.1476140625e-08,4.1476140625e-08,0
477,3.496114999999999e-08,3.496114999999999e-08,3.496114999999999e-08,0
478,2.8446159375e-08,2.8446159375e-08,2.8446159375e-08,0
479,2.5484800000000002e-08,2.5484800000000002e-08,2.5484800000000002e-08,0
480,3.686262242406647e-08,3.686262242406647e-08,3.686262242406647e-08,0
481,5.35157e-08,5.35157e-08,5.35157e-08,0
482,6.23241e-08,6.23241e-08,6.23241e-08,0
483,1.3770000000000002e-07,1.3770000000000002e-07,1.3770000000000002e-07,0
484,6.57507e-08,6.57507e-08,6.57507e-08,0
485,1.33252e-07,1.33252e-07,1.33252e-07,0
486,1.0428700000000001e-07,1.0428700000000001e-07,1.0428700000000001e-07,0
487,1.23746e-07,1.23746e-07,1.23746e-07,0
488,1.42033e-07,1.42033e-07,1.42033e-07,0
489,5.84059e-08,5.84059e-08,5.84059e-08,0
490,8.283589999999998e-08,8.283589999999998e-08,8.283589999999998e-08,0
491,7.667314141832638e-08,7.667314141832638e-08,7.667314141832638e-08,0
492,6.21795e-08,6.21795e-08,6.21795e-08,0
493,2.9471900000000002e-08,2.9471900000000002e-08,2.9471900000000002e-08,0
494,2.8016200000000002e-08,2.8016200000000002e-08,2.8016200000000002e-08,0
495,1.9615600000000003e-07,1.9615600000000003e-07,1.9615600000000003e-07,0
496,1.3765400000000002e-07,1.3765400000000002e-07,1.3765400000000002e-07,0
497,3.64509e-08,3.64509e-08,3.64509e-08,0
498,1.8489300000000001e-07,1.8489300000000001e-07,1.8489300000000001e-07,0
499,1.0020865000000001e-07,1.0020865000000001e-07,1.0020865000000001e-07,0
500,1.55243e-08,1.55243e-08,1.55243e-08,0
501,1.9769542565597668e-08,1.9769542565597668e-08,1.9769542565597668e-08,0
502,3.071779970845481e-08,3.071779970845481e-08,3.071779970845481e-08,0
503,4.5687865597667644e-08,4.5687865597667644e-08,4.5687865597667644e-08,0
504,6.199853440233237e-08,6.199853440233237e-08,6.199853440233237e-08,0
505,7.696860029154516e-08,7.696860029154516e-08,7.696860029154516e-08,0
506,8.791685743440233e-08,8.791685743440233e-08,8.791685743440233e-08,0
507,9.216210000000001e-08,9.216210000000001e-08,9.216210000000001e-08,0
508,9.039034800826025e-08,9.039034800826025e-08,9.039034800826025e-08,0
509,8.685381823874273e-08,8.685381823874273e-08,8.685381823874273e-08,0
510,8.42206e-08,8.42206e-08,8.42206e-08,0
511,8.296257216539885e-08,8.296257216539885e-08,8.296257216539885e-08,0
512,8.177129914992145e-08,8.177129914992145e-08,8.177129914992145e-08,0
513,8.064439857454347e-08,8.064439857454347e-08,8.064439857454347e-08,0
514,7.95794880602406e-08,7.95794880602406e-08,7.95794880602406e-08,0
515,7.857418522798846e-08,7.857418522798846e-08,7.857418522798846e-08,0
516,7.76261076987627e-08,7.76261076987627e-08,7.76261076987627e-08,0
517,7.673287309353904e-08,7.673287309353904e-08,7.673287309353904e-08,0
518,7.589209903329315e-08,7.589209903329315e-08,7.589209903329315e-08,0
519,7.510140313900065e-08,7.510140313900065e-08,7.510140313900065e-08,0
520,7.435840303163721e-08,7.435840303163721e-08,7.435840303163721e-08,0
521,7.366071633217853e-08,7.366071633217853e-08,7.366071633217853e-08,0
522,7.300596066160026e-08,7.300596066160026e-08,7.300596066160026e-08,0
523,7.239175364087805e-08,7.239175364087805e-08,7.239175364087805e-08,0
524,7.181571289098759e-08,7.181571289098759e-08,7.181571289098759e-08,0
525,7.127545603290454e-08,7.127545603290454e-08,7.127545603290454e-08,0
526,7.076860068760456e-08,7.076860068760456e-08,7.076860068760456e-08,0
527,7.029276447606328e-08,7.029276447606328e-08,7.029276447606328e-08,0
528,6.984556501925643e-08,6.984556501925643e-08,6.984556501925643e-08,0
529,6.942461993815965e-08,6.942461993815965e-08,6.942461993815965e-08,0
530,6.902754685374858e-08,6.902754685374858e-08,6.902754685374858e-08,0
531,6.865196338699892e-08,6.865196338699892e-08,6.865196338699892e-08,0
532,6.829548715888632e-08,6.829548715888632e-08,6.829548715888632e-08,0
533,6.795573579038646e-08,6.795573579038646e-08,6.795573579038646e-08,0
534,6.763032690247497e-08,6.763032690247497e-08,6.763032690247497e-08,0
535,6.731687811612757e-08,6.731687811612757e-08,6.731687811612757e-08,0
536,6.701300705231988e-08,6.701300705231988e-08,6.701300705231988e-08,0
537,6.671633133202758e-08,6.671633133202758e-08,6.671633133202758e-08,0
538,6.642446857622635e-08,6.642446857622635e-08,6.642446857622635e-08,0
539,6.613503640589182e-08,6.613503640589182e-08,6.613503640589182e-08,0
540,6.58456524419997e-08,6.58456524419997e-08,6.58456524419997e-08,0
541,6.555393430552562e-08,6.555393430552562e-08,6.555393430552562e-08,0
542,6.525749961744527e-08,6.525749961744527e-08,6.525749961744527e-08,0
543,6.495396599873429e-08,6.495396599873429e-08,6.495396599873429e-08,0
544,6.464095107036838e-08,6.464095107036838e-08,6.464095107036838e-08,0
545,6.431607245332317e-08,6.431607245332317e-08,6.431607245332317e-08,0
546,6.397694776857437e-08,6.397694776857437e-08,6.397694776857437e-08,0
547,6.362119463709759e-08,6.362119463709759e-08,6.362119463709759e-08,0
548,6.324643067986854e-08,6.324643067986854e-08,6.324643067986854e-08,0
549,6.285027351786286e-08,6.285027351786286e-08,6.285027351786286e-08,0
550,6.243034077205621e-08,6.243034077205621e-08,6.243034077205621e-08,0
551,6.198425006342429e-08,6.198425006342429e-08,6.198425006342429e-08,0
552,6.150961901294274e-08,6.150961901294274e-08,6.150961901294274e-08,0
553,6.100406524158722e-08,6.100406524158722e-08,6.100406524158722e-08,0
554,6.046520637033343e-08,6.046520637033343e-08,6.046520637033343e-08,0
555,5.9890660020157e-08,5.9890660020157e-08,5.9890660020157e-08,0
556,5.9278043812033606e-08,5.9278043812033606e-08,5.9278043812033606e-08,0
557,5.862497536693892e-08,5.862497536693892e-08,5.862497536693892e-08,0
558,5.79290723058486e-08,5.79290723058486e-08,5.79290723058486e-08,0
559,5.7187952249738334e-08,5.7187952249738334e-08,5.7187952249738334e-08,0
560,5.639923281958375e-08,5.639923281958375e-08,5.639923281958375e-08,0
561,5.556053163636053e-08,5.556053163636053e-08,5.556053163636053e-08,0
562,5.4669466321044335e-08,5.4669466321044335e-08,5.4669466321044335e-08,0
563,5.3723654494610875e-08,5.3723654494610875e-08,5.3723654494610875e-08,0
564,5.272071377803574e-08,5.272071377803574e-08,5.272071377803574e-08,0
565,5.1658261792294646e-08,5.1658261792294646e-08,5.1658261792294646e-08,0
566,5.053391615836326e-08,5.053391615836326e-08,5.053391615836326e-08,0
567,4.934529449721722e-08,4.934529449721722e-08,4.934529449721722e-08,0
568,4.809001442983218e-08,4.809001442983218e-08,4.809001442983218e-08,0
569,4.676569357718389e-08,4.676569357718389e-08,4.676569357718389e-08,0
570,4.536994956024792e-08,4.536994956024792e-08,4.536994956024792e-08,0
571,4.39004e-08,4.39004e-08,4.39004e-08,0
