system,missing_rate,pattern,trial,surrogate_id,seed,lambda_iaaft
brown,0.0,random,1,1,1006160613,0.05515812520392415
brown,0.0,random,1,2,1978591981,0.06286191880769437
brown,0.0,random,1,3,320515378,0.05510835584618206
brown,0.0,random,1,4,981214215,0.045935076074474765
brown,0.0,random,1,5,634581950,0.04356196833442586
brown,0.0,random,1,6,2998731802,0.04216191244817481
brown,0.0,random,1,7,791885661,0.04595247188518715
brown,0.0,random,1,8,2725613796,0.05627800005177925
brown,0.0,random,1,9,3215798152,0.05160406719270066
brown,0.0,random,1,10,3688655568,0.058954119661352555
brown,0.0,random,1,11,447476432,0.04168738234910886
brown,0.0,random,1,12,1129956752,0.044556243725590146
brown,0.0,random,1,13,1284397271,0.04066508688387172
brown,0.0,random,1,14,2227947737,0.04446540936861895
brown,0.0,random,1,15,1121416428,0.07363820860295053
brown,0.0,random,1,16,3095965700,0.06411659574198603
brown,0.0,random,1,17,482790451,0.03792620912359835
brown,0.0,random,1,18,644414266,0.0455136409117612
brown,0.0,random,1,19,4286466750,0.041701398471604534
brown,0.0,random,1,20,2853561215,0.06865272170520718
brown,0.0,random,1,21,1049992205,0.034013837294426155
brown,0.0,random,1,22,453257248,0.0558271691999046
brown,0.0,random,1,23,4209978549,0.04597572818161732
brown,0.0,random,1,24,2453307740,0.059835910077179685
brown,0.0,random,1,25,1409359770,0.03490350229967032
brown,0.0,random,1,26,3262871175,0.04356207366653203
brown,0.0,random,1,27,3482872839,0.057421760232484687
brown,0.0,random,1,28,2715838724,0.04556736157724971
brown,0.0,random,1,29,934564174,0.04329091975690593
brown,0.0,random,1,30,1657885799,0.047556752780507035
brown,0.0,random,1,31,272150763,0.05534045296057504
brown,0.0,random,1,32,1228856606,0.051473798019412674
brown,0.0,random,1,33,615702229,0.07042401073117824
brown,0.0,random,1,34,2750247837,0.0402937926846106
brown,0.0,random,1,35,1860237146,0.051226420177380244
brown,0.0,random,1,36,1826625074,0.04982611485984674
brown,0.0,random,1,37,712173788,0.053831068910249046
brown,0.0,random,1,38,1324254,0.05684376212955232
brown,0.0,random,1,39,2100558737,0.062164109197432316
brown,0.0,random,2,1,2590374293,0.05150987642931749
brown,0.0,random,2,2,1033232447,0.044057483451253925
brown,0.0,random,2,3,3568786610,0.040757743394132996
brown,0.0,random,2,4,2055391664,0.04708192287216953
brown,0.0,random,2,5,1794791213,0.04529934931771662
brown,0.0,random,2,6,3709952679,0.06641128695355468
brown,0.0,random,2,7,3402697878,0.06370767115732313
brown,0.0,random,2,8,1591428145,0.0799915250630307
brown,0.0,random,2,9,124025722,0.04896562302478759
brown,0.0,random,2,10,1839741585,0.04587174275528444
brown,0.0,random,2,11,922818579,0.07171515671850323
brown,0.0,random,2,12,4112268302,0.060541568637049833
brown,0.0,random,2,13,3719516877,0.05872525224391529
brown,0.0,random,2,14,1069028259,0.04440391748389332
brown,0.0,random,2,15,985349737,0.05400472778786938
brown,0.0,random,2,16,3447418440,0.039233854062626396
brown,0.0,random,2,17,2070687644,0.05382585972685961
brown,0.0,random,2,18,1309829705,0.05847164904565284
brown,0.0,random,2,19,170211824,0.044147275242790746
brown,0.0,random,2,20,2475593211,0.03225747685596612
brown,0.0,random,2,21,2707830408,0.03903997838793071
brown,0.0,random,2,22,1660378792,0.034896840834033487
brown,0.0,random,2,23,2466473392,0.042513775738246266
brown,0.0,random,2,24,1117270863,0.050389958836430715
brown,0.0,random,2,25,2041834999,0.0324930728387318
brown,0.0,random,2,26,544809726,0.0605628711844363
brown,0.0,random,2,27,1716409176,0.06159936281056814
brown,0.0,random,2,28,4141543731,0.06737603920800414
brown,0.0,random,2,29,1665261330,0.049991839024181674
brown,0.0,random,2,30,3516258058,0.04500390389493995
brown,0.0,random,2,31,3373569102,0.05353447888425579
brown,0.0,random,2,32,2884792393,0.06255986935620073
brown,0.0,random,2,33,2225939227,0.04180079693785182
brown,0.0,random,2,34,1281310004,0.057220472727435565
brown,0.0,random,2,35,3633126446,0.06249817166942726
brown,0.0,random,2,36,658595194,0.0408114867378041
brown,0.0,random,2,37,2327840967,0.043972695104132924
brown,0.0,random,2,38,1070346161,0.03968595006884453
brown,0.0,random,2,39,2041463251,0.05765331897019923
brown,0.0,random,3,1,1390534274,0.036429087661737726
brown,0.0,random,3,2,3568324873,0.04744420388347965
brown,0.0,random,3,3,2438596988,0.04291235588820984
brown,0.0,random,3,4,3592730773,0.05698370060551116
brown,0.0,random,3,5,3301637932,0.06036960192506346
brown,0.0,random,3,6,3586479020,0.06414227512342012
brown,0.0,random,3,7,565105354,0.044327540053783226
brown,0.0,random,3,8,3019360620,0.038426806600383064
brown,0.0,random,3,9,290072085,0.07007274261434708
brown,0.0,random,3,10,223406950,0.04490021067094153
brown,0.0,random,3,11,2333279030,0.0655793983587917
brown,0.0,random,3,12,2771947595,0.04390446531221811
brown,0.0,random,3,13,1892196407,0.034985946748359316
brown,0.0,random,3,14,298751490,0.07084301994705174
brown,0.0,random,3,15,3795611213,0.036318977908256424
brown,0.0,random,3,16,1423206406,0.048606422461233555
brown,0.0,random,3,17,2870124973,0.04837545409790918
brown,0.0,random,3,18,3551002676,0.052140366329003186
brown,0.0,random,3,19,1434146630,0.05188313689254689
brown,0.0,random,3,20,219039290,0.047264197296888556
brown,0.0,random,3,21,1935759927,0.04582684307260292
brown,0.0,random,3,22,342241976,0.05097365476288966
brown,0.0,random,3,23,2945655160,0.059530860373513565
brown,0.0,random,3,24,3815324297,0.04020619306805058
brown,0.0,random,3,25,2788954777,0.0435536112801033
brown,0.0,random,3,26,1084076955,0.039134678605418145
brown,0.0,random,3,27,2307477452,0.044942894411328704
brown,0.0,random,3,28,4158469815,0.05351232575488201
brown,0.0,random,3,29,413399075,0.04348322834490592
brown,0.0,random,3,30,946774370,0.04072935037364817
brown,0.0,random,3,31,3914756923,0.04499039913174945
brown,0.0,random,3,32,1851006862,0.043488507218434225
brown,0.0,random,3,33,889273216,0.04654481638616624
brown,0.0,random,3,34,2832765627,0.06670600836017547
brown,0.0,random,3,35,3731745585,0.0405722077977433
brown,0.0,random,3,36,2450000692,0.05751477347545003
brown,0.0,random,3,37,2800454527,0.05266919437134052
brown,0.0,random,3,38,129428570,0.046249468813662424
brown,0.0,random,3,39,3350585881,0.05755917346219681
brown,0.0,random,4,1,2143593227,0.06011453516886067
brown,0.0,random,4,2,255767892,0.05505923913940568
brown,0.0,random,4,3,2673487202,0.03756531760009792
brown,0.0,random,4,4,472195792,0.07476024067175788
brown,0.0,random,4,5,228829915,0.04271772047717128
brown,0.0,random,4,6,3891729778,0.05537930152114501
brown,0.0,random,4,7,3937302832,0.04245573638700442
brown,0.0,random,4,8,2612688137,0.04985463760578008
brown,0.0,random,4,9,1326564415,0.05583293141208479
brown,0.0,random,4,10,3450940621,0.04248831107886395
brown,0.0,random,4,11,3042257660,0.04358197152318128
brown,0.0,random,4,12,4012397866,0.052430088384719714
brown,0.0,random,4,13,1004353650,0.05104647436381072
brown,0.0,random,4,14,2218860984,0.07167897033691953
brown,0.0,random,4,15,4087253547,0.055200835502106416
brown,0.0,random,4,16,3431872726,0.05204837952587708
brown,0.0,random,4,17,472950011,0.06003850261560374
brown,0.0,random,4,18,3950956359,0.04639371863428329
brown,0.0,random,4,19,1829001348,0.0439820594389792
brown,0.0,random,4,20,179998560,0.051136937849045674
brown,0.0,random,4,21,4185664513,0.06054434186361772
brown,0.0,random,4,22,767577352,0.06568352268866581
brown,0.0,random,4,23,327146677,0.05191252770625371
brown,0.0,random,4,24,3820322931,0.048465204899004986
brown,0.0,random,4,25,411890492,0.048038079031899224
brown,0.0,random,4,26,492029083,0.05377319183718175
brown,0.0,random,4,27,2831537772,0.04750343430051944
brown,0.0,random,4,28,3179346468,0.03977420134599233
brown,0.0,random,4,29,2407644212,0.05601668080511638
brown,0.0,random,4,30,3066688767,0.05488593684162522
brown,0.0,random,4,31,1136275632,0.04240873118716838
brown,0.0,random,4,32,852076493,0.062337239091485926
brown,0.0,random,4,33,2524729593,0.03451776040717879
brown,0.0,random,4,34,1382856376,0.062203984434077056
brown,0.0,random,4,35,2183933094,0.05550692507102909
brown,0.0,random,4,36,3071789637,0.04427825555211826
brown,0.0,random,4,37,3805642379,0.04168473454843276
brown,0.0,random,4,38,529129427,0.046578308297544974
brown,0.0,random,4,39,1955129290,0.0434455832746714
brown,0.0,random,5,1,2852016476,0.04407415660670906
brown,0.0,random,5,2,3977442054,0.04932935887824144
brown,0.0,random,5,3,3657134658,0.06507027633654702
brown,0.0,random,5,4,3701307009,0.08977432829977743
brown,0.0,random,5,5,1158107040,0.06359417216677457
brown,0.0,random,5,6,1443845859,0.0665839200015606
brown,0.0,random,5,7,2422602710,0.07343306154781278
brown,0.0,random,5,8,1311387522,0.051073025928471426
brown,0.0,random,5,9,1186865218,0.05294325389810548
brown,0.0,random,5,10,1446015781,0.04704646567525374
brown,0.0,random,5,11,904103779,0.04347690927214134
brown,0.0,random,5,12,3935849688,0.06196613810145553
brown,0.0,random,5,13,2693769911,0.0885173895310307
brown,0.0,random,5,14,3388562598,0.054737976440911384
brown,0.0,random,5,15,3345336633,0.0692222649811986
brown,0.0,random,5,16,2919058782,0.04584788619947466
brown,0.0,random,5,17,3147908095,0.06536970095504482
brown,0.0,random,5,18,3633303984,0.05919151519528645
brown,0.0,random,5,19,728955440,0.06410969704903825
brown,0.0,random,5,20,376708853,0.044835859875474976
brown,0.0,random,5,21,1918806497,0.04474200500368071
brown,0.0,random,5,22,1481752430,0.05747575674570384
brown,0.0,random,5,23,3392548298,0.05242970905885694
brown,0.0,random,5,24,2087009766,0.05116339923424334
brown,0.0,random,5,25,3714631934,0.03702055216566078
brown,0.0,random,5,26,3952561504,0.04255440620243079
brown,0.0,random,5,27,2062131585,0.035402085561285275
brown,0.0,random,5,28,3253661987,0.05776871529899116
brown,0.0,random,5,29,2353234788,0.06560342085509493
brown,0.0,random,5,30,973810576,0.03993292621760553
brown,0.0,random,5,31,4037543536,0.04576203004318905
brown,0.0,random,5,32,2087926696,0.06565576918589974
brown,0.0,random,5,33,3960352994,0.07813002051683932
brown,0.0,random,5,34,3074394548,0.03947805333545589
brown,0.0,random,5,35,606194718,0.050926496163346505
brown,0.0,random,5,36,729622114,0.061278828514716
brown,0.0,random,5,37,4262492507,0.05807231024747582
brown,0.0,random,5,38,1054648285,0.0405513145471095
brown,0.0,random,5,39,1502017215,0.06704221921069559
brown,0.1,random,1,1,3138133297,0.06517153028337984
brown,0.1,random,1,2,3952831588,0.04607729097831831
brown,0.1,random,1,3,3211755877,0.038543008905699325
brown,0.1,random,1,4,4116852261,0.037288880067251104
brown,0.1,random,1,5,3162528202,0.05085953458422419
brown,0.1,random,1,6,998163285,0.048110375546880586
brown,0.1,random,1,7,2337675610,0.053195208477549216
brown,0.1,random,1,8,3002916445,0.061468374076930586
brown,0.1,random,1,9,772263474,0.04826070546984638
brown,0.1,random,1,10,1517411731,0.04044120642108636
brown,0.1,random,1,11,678095733,0.06997653146191249
brown,0.1,random,1,12,3110735386,0.04461214193046271
brown,0.1,random,1,13,2660310696,0.041833319872554425
brown,0.1,random,1,14,3688894340,0.05794418017416543
brown,0.1,random,1,15,3610947261,0.05527247334793743
brown,0.1,random,1,16,155868740,0.06483403978721917
brown,0.1,random,1,17,2727698736,0.05276979362622995
brown,0.1,random,1,18,1911254368,0.039574151973985804
brown,0.1,random,1,19,1364185841,0.060412216223866735
brown,0.1,random,1,20,2431408356,0.05409152693847158
brown,0.1,random,1,21,521866024,0.04886768490299202
brown,0.1,random,1,22,4175670777,0.042401096149688115
brown,0.1,random,1,23,1396218468,0.05309000669534642
brown,0.1,random,1,24,4135457070,0.038736037860398094
brown,0.1,random,1,25,2374741904,0.03465694417795281
brown,0.1,random,1,26,2619958515,0.04485025364120481
brown,0.1,random,1,27,760882401,0.0444957398711234
brown,0.1,random,1,28,3765111837,0.037695406225011725
brown,0.1,random,1,29,2591149865,0.044699973914372734
brown,0.1,random,1,30,2707910979,0.05275231042714824
brown,0.1,random,1,31,4150828559,0.0461273832082765
brown,0.1,random,1,32,3252674249,0.05510529664561791
brown,0.1,random,1,33,1811023297,0.042143765693869614
brown,0.1,random,1,34,981541351,0.06293205591190121
brown,0.1,random,1,35,208641659,0.048040611353861
brown,0.1,random,1,36,4021757139,0.03956695144045613
brown,0.1,random,1,37,986074250,0.04991110178010638
brown,0.1,random,1,38,3170454641,0.04951877010326096
brown,0.1,random,1,39,819285541,0.04388344266894654
brown,0.1,random,2,1,325831326,0.05232469747582496
brown,0.1,random,2,2,2255505303,0.0333325134652461
brown,0.1,random,2,3,1266030046,0.04794330013820017
brown,0.1,random,2,4,164483586,0.05065686682789535
brown,0.1,random,2,5,1921687134,0.049114512136545614
brown,0.1,random,2,6,824458452,0.044364446930949965
brown,0.1,random,2,7,1020203869,0.04929460767265969
brown,0.1,random,2,8,1790677234,0.03880433414864747
brown,0.1,random,2,9,704575603,0.06157870997669497
brown,0.1,random,2,10,3749102866,0.03416752684429999
brown,0.1,random,2,11,1559297479,0.04267452001192856
brown,0.1,random,2,12,64712634,0.0720096231311335
brown,0.1,random,2,13,3858968266,0.053910766120683
brown,0.1,random,2,14,1482368005,0.05260986303865352
brown,0.1,random,2,15,3560530497,0.0425452554589496
brown,0.1,random,2,16,697616681,0.07022962919752536
brown,0.1,random,2,17,899909797,0.045343015679511114
brown,0.1,random,2,18,4047744493,0.050782502394698545
brown,0.1,random,2,19,2571752746,0.05021768303872207
brown,0.1,random,2,20,3697777272,0.043136100143923835
brown,0.1,random,2,21,2506549886,0.0673189255016164
brown,0.1,random,2,22,625786112,0.04613486241176269
brown,0.1,random,2,23,988736659,0.03775210766118092
brown,0.1,random,2,24,4060236016,0.07410746451229386
brown,0.1,random,2,25,3927349153,0.06679795801004813
brown,0.1,random,2,26,2003989702,0.05953226504842409
brown,0.1,random,2,27,3689984124,0.05577599773318209
brown,0.1,random,2,28,156921977,0.04266072705675156
brown,0.1,random,2,29,2959483792,0.04617126447469955
brown,0.1,random,2,30,4072473592,0.041767623025167365
brown,0.1,random,2,31,408947999,0.060802378365199056
brown,0.1,random,2,32,600435009,0.05876846980088516
brown,0.1,random,2,33,1780448012,0.05207685083414014
brown,0.1,random,2,34,3925580778,0.05322449278552143
brown,0.1,random,2,35,3857811167,0.05820536041662926
brown,0.1,random,2,36,3213005196,0.041595102895734634
brown,0.1,random,2,37,891948768,0.07456732149227628
brown,0.1,random,2,38,1563647204,0.04758147980088996
brown,0.1,random,2,39,2102493935,0.05114407772773605
brown,0.1,random,3,1,1164221574,0.05551566611846136
brown,0.1,random,3,2,709533042,0.04936758810494004
brown,0.1,random,3,3,3005302358,0.05492319553042651
brown,0.1,random,3,4,2655705491,0.059647177150869646
brown,0.1,random,3,5,2695557972,0.05670150500935994
brown,0.1,random,3,6,3551990694,0.04638724425596114
brown,0.1,random,3,7,1262114031,0.07330772320780872
brown,0.1,random,3,8,2123974497,0.05413503190995844
brown,0.1,random,3,9,1406552314,0.04853003471133428
brown,0.1,random,3,10,3574689222,0.05124260784452864
brown,0.1,random,3,11,727941607,0.04956896475365972
brown,0.1,random,3,12,3652648726,0.04268825855546134
brown,0.1,random,3,13,2871794939,0.04845926534299853
brown,0.1,random,3,14,785254723,0.049963993174512056
brown,0.1,random,3,15,693223976,0.05487553775978295
brown,0.1,random,3,16,3786266615,0.06177021353408542
brown,0.1,random,3,17,3040969062,0.035987301760944806
brown,0.1,random,3,18,1819294909,0.07013751613825593
brown,0.1,random,3,19,2488473809,0.06647248474001734
brown,0.1,random,3,20,2668144532,0.05561297201176721
brown,0.1,random,3,21,4056030379,0.04148546823299869
brown,0.1,random,3,22,4013738321,0.04122965172250634
brown,0.1,random,3,23,2648432983,0.043567442214360264
brown,0.1,random,3,24,278048531,0.06386452395613132
brown,0.1,random,3,25,908184087,0.06976860363336891
brown,0.1,random,3,26,256088173,0.050600630902675664
brown,0.1,random,3,27,3031286544,0.04377424527975041
brown,0.1,random,3,28,4083630117,0.05971222441009335
brown,0.1,random,3,29,2947806418,0.04984780007378485
brown,0.1,random,3,30,4111679751,0.05721524912104508
brown,0.1,random,3,31,4228280138,0.062325085570539264
brown,0.1,random,3,32,2574861979,0.054328262878263575
brown,0.1,random,3,33,565878874,0.061839605700565146
brown,0.1,random,3,34,2892101747,0.05179519678022248
brown,0.1,random,3,35,3093064680,0.0384761611157794
brown,0.1,random,3,36,1716929659,0.036935780915573806
brown,0.1,random,3,37,386235152,0.038226189175153275
brown,0.1,random,3,38,2523820234,0.0488238215846349
brown,0.1,random,3,39,3563278151,0.04478138483270787
brown,0.1,random,4,1,495961156,0.07947996642557781
brown,0.1,random,4,2,202440429,0.05780604145059465
brown,0.1,random,4,3,3832389643,0.08042730250967581
brown,0.1,random,4,4,3922932102,0.04477359342895098
brown,0.1,random,4,5,4273465817,0.06389799224220984
brown,0.1,random,4,6,1289504249,0.05056161090965496
brown,0.1,random,4,7,2750363207,0.059497262234622914
brown,0.1,random,4,8,4270367899,0.037150293073332334
brown,0.1,random,4,9,2682075322,0.04514982778196546
brown,0.1,random,4,10,2031892370,0.06119114161988928
brown,0.1,random,4,11,3753365438,0.053964350527237706
brown,0.1,random,4,12,3219333848,0.045497110806142466
brown,0.1,random,4,13,1562743146,0.0513539446829271
brown,0.1,random,4,14,1833716108,0.041104846456944295
brown,0.1,random,4,15,3898179035,0.046938961037337364
brown,0.1,random,4,16,944859771,0.04387381842895254
brown,0.1,random,4,17,302519135,0.04040272115380112
brown,0.1,random,4,18,812919412,0.09637265354993346
brown,0.1,random,4,19,348820147,0.053870311783412374
brown,0.1,random,4,20,2692374043,0.07446817254301402
brown,0.1,random,4,21,2094871403,0.06162243839486726
brown,0.1,random,4,22,2008953736,0.04728408813979183
brown,0.1,random,4,23,4217244701,0.06735273942914592
brown,0.1,random,4,24,247505460,0.04508862753842696
brown,0.1,random,4,25,2821873819,0.044121200507083784
brown,0.1,random,4,26,1241580223,0.04280661651654167
brown,0.1,random,4,27,889192126,0.032839657805469845
brown,0.1,random,4,28,953501448,0.056467025226388676
brown,0.1,random,4,29,2588063294,0.04682695296494732
brown,0.1,random,4,30,4275561976,0.04286028617225992
brown,0.1,random,4,31,29206252,0.06207081522710896
brown,0.1,random,4,32,151502453,0.03818247108985456
brown,0.1,random,4,33,3291398859,0.04075280562773257
brown,0.1,random,4,34,2027612417,0.054125429316065614
brown,0.1,random,4,35,2333418733,0.05753884437678001
brown,0.1,random,4,36,3232527724,0.06329021255039133
brown,0.1,random,4,37,490714895,0.04263485563127225
brown,0.1,random,4,38,2544577507,0.035732333466915275
brown,0.1,random,4,39,2263924864,0.05837052951983798
brown,0.1,random,5,1,2828950742,0.04754138836096756
brown,0.1,random,5,2,3422963815,0.054076009485674544
brown,0.1,random,5,3,1055681361,0.07396336985312917
brown,0.1,random,5,4,190071690,0.06307832628032811
brown,0.1,random,5,5,2628598302,0.043058473366218306
brown,0.1,random,5,6,2340504403,0.07566540327772638
brown,0.1,random,5,7,754700128,0.07881352161044435
brown,0.1,random,5,8,1674837021,0.054347773914180005
brown,0.1,random,5,9,2731643906,0.03595610848430872
brown,0.1,random,5,10,1984726597,0.03643680110163974
brown,0.1,random,5,11,3851315456,0.04360880303652429
brown,0.1,random,5,12,320764089,0.04858062045090494
brown,0.1,random,5,13,3709952307,0.04169325907786941
brown,0.1,random,5,14,1910695966,0.03848892342585221
brown,0.1,random,5,15,1488648964,0.060264653290340545
brown,0.1,random,5,16,1734246849,0.07387408133759804
brown,0.1,random,5,17,3218364660,0.062107909156804746
brown,0.1,random,5,18,1625262963,0.05872716128684907
brown,0.1,random,5,19,4122838048,0.06490365668565783
brown,0.1,random,5,20,3571093031,0.050560581408484476
brown,0.1,random,5,21,3996670434,0.06263363969721394
brown,0.1,random,5,22,3259751624,0.06991493743534874
brown,0.1,random,5,23,2643053462,0.04452055697286932
brown,0.1,random,5,24,4234675379,0.07116522976891707
brown,0.1,random,5,25,3079859911,0.047280885974254845
brown,0.1,random,5,26,2111208437,0.039723634704695504
brown,0.1,random,5,27,1245127765,0.04724693765492501
brown,0.1,random,5,28,3088581273,0.05123884116050705
brown,0.1,random,5,29,2489066548,0.04281752804499914
brown,0.1,random,5,30,1732431745,0.05201478857829507
brown,0.1,random,5,31,2718173593,0.05488075688132756
brown,0.1,random,5,32,901866606,0.06916097019724736
brown,0.1,random,5,33,1327055475,0.0556440812065412
brown,0.1,random,5,34,768097623,0.03486966387914917
brown,0.1,random,5,35,4053791176,0.06991367947240765
brown,0.1,random,5,36,4064520052,0.056908587778261036
brown,0.1,random,5,37,3794021511,0.0599379259850058
brown,0.1,random,5,38,997792684,0.03477489522648887
brown,0.1,random,5,39,3562785454,0.04507422300924454
brown,0.1,high,1,1,1691542009,0.05864939578171905
brown,0.1,high,1,2,1540619202,0.05371065584577895
brown,0.1,high,1,3,935453119,0.05147833392842457
brown,0.1,high,1,4,766751505,0.07187546123163344
brown,0.1,high,1,5,2333062072,0.0685260466675021
brown,0.1,high,1,6,951140519,0.050387447062700395
brown,0.1,high,1,7,3403364199,0.0670543642019343
brown,0.1,high,1,8,2823202732,0.05808618680193707
brown,0.1,high,1,9,3650983946,0.0499143238371271
brown,0.1,high,1,10,847969652,0.07039061130612945
brown,0.1,high,1,11,3777998786,0.04672316694329212
brown,0.1,high,1,12,454575139,0.05216901516306675
brown,0.1,high,1,13,3505474415,0.04225700983944773
brown,0.1,high,1,14,3810147614,0.04871695834600904
brown,0.1,high,1,15,2348892259,0.032512357584323553
brown,0.1,high,1,16,1700379754,0.046144035706249115
brown,0.1,high,1,17,2705596292,0.04148400436475013
brown,0.1,high,1,18,2280724405,0.04475233009545829
brown,0.1,high,1,19,2708328440,0.04840209418650214
brown,0.1,high,1,20,1865724993,0.04829364061464735
brown,0.1,high,1,21,491410404,0.08102715292095931
brown,0.1,high,1,22,4124868106,0.05816605586459619
brown,0.1,high,1,23,1394914455,0.049641380745251124
brown,0.1,high,1,24,2434193089,0.062351499565248346
brown,0.1,high,1,25,2384904555,0.049190428405224355
brown,0.1,high,1,26,2297312425,0.03990891392454762
brown,0.1,high,1,27,836588059,0.04298404697569551
brown,0.1,high,1,28,4112812221,0.03946614275283812
brown,0.1,high,1,29,3344513809,0.05432838904175184
brown,0.1,high,1,30,3415728280,0.07509946891139672
brown,0.1,high,1,31,2673054934,0.04320865094889295
brown,0.1,high,1,32,2907114988,0.03820641431678252
brown,0.1,high,1,33,4027566153,0.03689889610867828
brown,0.1,high,1,34,3122220514,0.04350822368603816
brown,0.1,high,1,35,3615036442,0.07419920670209994
brown,0.1,high,1,36,3009449892,0.06646600449085978
brown,0.1,high,1,37,1769789824,0.05853532025115538
brown,0.1,high,1,38,3499434712,0.04190308949371477
brown,0.1,high,1,39,2350782259,0.05781938841318307
brown,0.1,high,2,1,1392247774,0.05552377379035884
brown,0.1,high,2,2,3162571213,0.06549551879273977
brown,0.1,high,2,3,3637535817,0.04067953367307041
brown,0.1,high,2,4,1804618267,0.06130316123793963
brown,0.1,high,2,5,1013703453,0.05371916866768796
brown,0.1,high,2,6,2631821345,0.04950201672968952
brown,0.1,high,2,7,3233107942,0.04959876463772031
brown,0.1,high,2,8,866056966,0.0358076161728634
brown,0.1,high,2,9,3923224819,0.0719311310901082
brown,0.1,high,2,10,705631634,0.05266076751039913
brown,0.1,high,2,11,2983217968,0.060486795905905215
brown,0.1,high,2,12,3540630505,0.04327124354429928
brown,0.1,high,2,13,2242399161,0.08028479746169286
brown,0.1,high,2,14,3770050961,0.037324473968874845
brown,0.1,high,2,15,2099900226,0.039837423623613345
brown,0.1,high,2,16,897898382,0.05562391833890813
brown,0.1,high,2,17,3295475425,0.04795072277199508
brown,0.1,high,2,18,1587520872,0.047647981186154126
brown,0.1,high,2,19,955787994,0.054411556474790096
brown,0.1,high,2,20,38764359,0.05660522607216795
brown,0.1,high,2,21,1314050213,0.04909726024241973
brown,0.1,high,2,22,3005222439,0.052679730505049926
brown,0.1,high,2,23,1719711284,0.05610216230097173
brown,0.1,high,2,24,3669751939,0.06032762839843072
brown,0.1,high,2,25,2715865390,0.05316447818057305
brown,0.1,high,2,26,1174389897,0.04982249564805787
brown,0.1,high,2,27,934693553,0.05405273895421039
brown,0.1,high,2,28,3080889088,0.04181503759116204
brown,0.1,high,2,29,3532898060,0.06063686929935908
brown,0.1,high,2,30,4079352409,0.040878600534653045
brown,0.1,high,2,31,2672326032,0.04540974770168163
brown,0.1,high,2,32,3801034061,0.04556829663362131
brown,0.1,high,2,33,3734438616,0.06077688908254578
brown,0.1,high,2,34,2394245991,0.04440011528709704
brown,0.1,high,2,35,3992538453,0.06996077103603805
brown,0.1,high,2,36,2612362434,0.038653602175823525
brown,0.1,high,2,37,231974584,0.044790319756891114
brown,0.1,high,2,38,3962734538,0.06057496535280496
brown,0.1,high,2,39,539593897,0.038289678336808644
brown,0.1,high,3,1,1076301151,0.040675842666198773
brown,0.1,high,3,2,974891349,0.04623383363357812
brown,0.1,high,3,3,2557965906,0.04039186384694412
brown,0.1,high,3,4,956604594,0.04688542381846952
brown,0.1,high,3,5,330102719,0.06647215516392943
brown,0.1,high,3,6,1522165400,0.061788826157558166
brown,0.1,high,3,7,3191743637,0.05537159898282873
brown,0.1,high,3,8,174785965,0.05100574984304805
brown,0.1,high,3,9,423473127,0.04262937922862789
brown,0.1,high,3,10,2150712296,0.04946470636659353
brown,0.1,high,3,11,1175665797,0.08578119252506353
brown,0.1,high,3,12,3560107620,0.040840997929981915
brown,0.1,high,3,13,3606516021,0.04198476427961277
brown,0.1,high,3,14,1484948221,0.04713749908662942
brown,0.1,high,3,15,2487366317,0.04034719560843732
brown,0.1,high,3,16,4282619587,0.05720872105061901
brown,0.1,high,3,17,129908535,0.06009074652165123
brown,0.1,high,3,18,2071154892,0.037942194273546025
brown,0.1,high,3,19,1732965110,0.06261083960830437
brown,0.1,high,3,20,673061968,0.04864029777094437
brown,0.1,high,3,21,1350469981,0.041741124337140126
brown,0.1,high,3,22,1237343987,0.04199915949926147
brown,0.1,high,3,23,3917955481,0.046730899196623744
brown,0.1,high,3,24,1831850980,0.04185989884281044
brown,0.1,high,3,25,2762556493,0.06637653644427033
brown,0.1,high,3,26,1015168801,0.042399682550070615
brown,0.1,high,3,27,171083417,0.03683586874528239
brown,0.1,high,3,28,1812386846,0.0434959227948213
brown,0.1,high,3,29,2831863749,0.06024425835265717
brown,0.1,high,3,30,1573545584,0.04358310736757734
brown,0.1,high,3,31,3772776321,0.041651899299420536
brown,0.1,high,3,32,952632383,0.04856331766863299
brown,0.1,high,3,33,835928953,0.0418109386523692
brown,0.1,high,3,34,2561153780,0.05008377675488996
brown,0.1,high,3,35,2392225625,0.03734304084596453
brown,0.1,high,3,36,4224331669,0.03872408650071314
brown,0.1,high,3,37,514995985,0.05823499269110905
brown,0.1,high,3,38,3882535372,0.037446356042986205
brown,0.1,high,3,39,1519490380,0.039323335571247384
brown,0.1,high,4,1,4106731507,0.048853223343967946
brown,0.1,high,4,2,2368483402,0.05366778907858203
brown,0.1,high,4,3,649129211,0.041170520656489844
brown,0.1,high,4,4,401768284,0.0831375239734583
brown,0.1,high,4,5,4107135960,0.04875639168751187
brown,0.1,high,4,6,1172279326,0.037977005689630805
brown,0.1,high,4,7,2120204058,0.061944381714090196
brown,0.1,high,4,8,798016838,0.06187929849049223
brown,0.1,high,4,9,4081248624,0.05991802938448116
brown,0.1,high,4,10,2678327527,0.08564017451944565
brown,0.1,high,4,11,2740862376,0.057669964058062205
brown,0.1,high,4,12,909841229,0.05814651469840881
brown,0.1,high,4,13,3018042409,0.05231060194465825
brown,0.1,high,4,14,24248831,0.0499232608711342
brown,0.1,high,4,15,4194543290,0.05159778026479816
brown,0.1,high,4,16,4073267989,0.04682509173325646
brown,0.1,high,4,17,2548252468,0.0641834306064936
brown,0.1,high,4,18,2664478909,0.03705974450398241
brown,0.1,high,4,19,3872749657,0.06005301576336773
brown,0.1,high,4,20,1176375168,0.047224454930143156
brown,0.1,high,4,21,2425142085,0.051750468056700805
brown,0.1,high,4,22,3417229827,0.05106395592257304
brown,0.1,high,4,23,2658923253,0.05501095754194621
brown,0.1,high,4,24,62950257,0.04831630318580318
brown,0.1,high,4,25,647397586,0.03272513931357452
brown,0.1,high,4,26,283722316,0.05755144205838175
brown,0.1,high,4,27,3832146324,0.06650645985945752
brown,0.1,high,4,28,4169726200,0.04807277275567734
brown,0.1,high,4,29,1043826462,0.044973083184038656
brown,0.1,high,4,30,828129534,0.04563865839987894
brown,0.1,high,4,31,2824445079,0.04322998874576045
brown,0.1,high,4,32,3107490353,0.05977956381656144
brown,0.1,high,4,33,3432211009,0.04624074751457685
brown,0.1,high,4,34,1070845171,0.03892097519812236
brown,0.1,high,4,35,396914949,0.0540089031806975
brown,0.1,high,4,36,3549903386,0.05661229549296667
brown,0.1,high,4,37,1569647979,0.0660698912858708
brown,0.1,high,4,38,1424818619,0.04540406565909978
brown,0.1,high,4,39,700722155,0.04851785131984597
brown,0.1,high,5,1,2888875831,0.04809449357756404
brown,0.1,high,5,2,1396524727,0.07205174205002997
brown,0.1,high,5,3,3699277258,0.0513326717866645
brown,0.1,high,5,4,1638649474,0.0839186363290817
brown,0.1,high,5,5,145782084,0.06129234554795398
brown,0.1,high,5,6,4086636940,0.09310363998628368
brown,0.1,high,5,7,987207569,0.05145961271601356
brown,0.1,high,5,8,4256481479,0.05034847561383733
brown,0.1,high,5,9,4172843646,0.06687141761603368
brown,0.1,high,5,10,1977475565,0.030761968520441486
brown,0.1,high,5,11,4036781465,0.04827410227731976
brown,0.1,high,5,12,1304624128,0.05284818986049797
brown,0.1,high,5,13,31995079,0.05907072127807057
brown,0.1,high,5,14,781587699,0.07786963195040697
brown,0.1,high,5,15,4133931791,0.04360525544097308
brown,0.1,high,5,16,3850940444,0.05086682586641044
brown,0.1,high,5,17,1872905769,0.05932431149502187
brown,0.1,high,5,18,3278589278,0.038024360970813034
brown,0.1,high,5,19,1663558595,0.09362441660483266
brown,0.1,high,5,20,2504174024,0.04637893124815547
brown,0.1,high,5,21,3975186721,0.04489423930342262
brown,0.1,high,5,22,3315202293,0.05676201922223535
brown,0.1,high,5,23,1757308948,0.04934439946009523
brown,0.1,high,5,24,2837774979,0.038064572242023455
brown,0.1,high,5,25,2261097673,0.07423021357617518
brown,0.1,high,5,26,943155171,0.04933706728153053
brown,0.1,high,5,27,2983087051,0.06233249522605208
brown,0.1,high,5,28,726137351,0.04855488418166047
brown,0.1,high,5,29,1384969149,0.08031525237350769
brown,0.1,high,5,30,2556306656,0.0564689899077679
brown,0.1,high,5,31,2239310275,0.03333247588108897
brown,0.1,high,5,32,4044659956,0.042585087524822346
brown,0.1,high,5,33,413738440,0.040095207075617346
brown,0.1,high,5,34,3228221050,0.05104244887740553
brown,0.1,high,5,35,1657072430,0.042574645555240875
brown,0.1,high,5,36,973562261,0.053439001657640345
brown,0.1,high,5,37,2982593024,0.035733094923027106
brown,0.1,high,5,38,3489705370,0.08234728882260632
brown,0.1,high,5,39,816291493,0.04237669856711885
brown,0.1,low,1,1,3058051379,0.0663558479713161
brown,0.1,low,1,2,1267257251,0.0394520101440478
brown,0.1,low,1,3,4242234923,0.040334017919301614
brown,0.1,low,1,4,472710996,0.05745772455780308
brown,0.1,low,1,5,1736255568,0.04983641766967345
brown,0.1,low,1,6,1376412162,0.03544887245170237
brown,0.1,low,1,7,4060253012,0.060181104418628034
brown,0.1,low,1,8,3504920280,0.04081858383580229
brown,0.1,low,1,9,77499091,0.04787635432821089
brown,0.1,low,1,10,2881995779,0.047452288002759004
brown,0.1,low,1,11,4270738749,0.043145437760003146
brown,0.1,low,1,12,3361624415,0.03997519647069666
brown,0.1,low,1,13,4046411239,0.04298065434268812
brown,0.1,low,1,14,95871596,0.08284666987856489
brown,0.1,low,1,15,3202867935,0.06774797491253409
brown,0.1,low,1,16,989032622,0.03638451044227858
brown,0.1,low,1,17,3768653019,0.03926042844525997
brown,0.1,low,1,18,3937251367,0.0382181952824438
brown,0.1,low,1,19,35456050,0.047449846470349236
brown,0.1,low,1,20,3621385570,0.05297975073205534
brown,0.1,low,1,21,1101963182,0.06326886880202273
brown,0.1,low,1,22,706827917,0.04652716098279281
brown,0.1,low,1,23,4002874186,0.04830683167135317
brown,0.1,low,1,24,1176625312,0.041603580695837195
brown,0.1,low,1,25,3849614663,0.05636403557407849
brown,0.1,low,1,26,765794216,0.05354530185145265
brown,0.1,low,1,27,2379791860,0.04560530549854114
brown,0.1,low,1,28,283546785,0.0589393453013058
brown,0.1,low,1,29,2590559898,0.04913441032949358
brown,0.1,low,1,30,565997913,0.058153458875177304
brown,0.1,low,1,31,605444941,0.07089355800308131
brown,0.1,low,1,32,2544575530,0.04388776665048224
brown,0.1,low,1,33,1037064736,0.047266178818061035
brown,0.1,low,1,34,3643793790,0.04214307620839791
brown,0.1,low,1,35,3776570572,0.0525456265373351
brown,0.1,low,1,36,711297103,0.06400775165771756
brown,0.1,low,1,37,1380544751,0.06464488184717015
brown,0.1,low,1,38,2877767644,0.052292132391588315
brown,0.1,low,1,39,3171302293,0.04820030358964769
brown,0.1,low,2,1,1051289486,0.05240114795466497
brown,0.1,low,2,2,132556755,0.05276731818246836
brown,0.1,low,2,3,2564994922,0.03653029276031124
brown,0.1,low,2,4,3998712106,0.05977967350482398
brown,0.1,low,2,5,2899450682,0.06792986450434163
brown,0.1,low,2,6,3446488896,0.050351412047516565
brown,0.1,low,2,7,1448081049,0.05834425016274438
brown,0.1,low,2,8,3846493719,0.05474080944087271
brown,0.1,low,2,9,2924510015,0.04603932710947442
brown,0.1,low,2,10,82825387,0.04446004783403244
brown,0.1,low,2,11,1614243598,0.04011500100330251
brown,0.1,low,2,12,44518220,0.054980997498598645
brown,0.1,low,2,13,3002127655,0.042734954407383285
brown,0.1,low,2,14,2355120482,0.05690549891127075
brown,0.1,low,2,15,3394274452,0.05272061829291756
brown,0.1,low,2,16,742809417,0.06258366414073985
brown,0.1,low,2,17,2271562631,0.04430542933724385
brown,0.1,low,2,18,3910454870,0.05680413943795801
brown,0.1,low,2,19,1745658789,0.049487194020875494
brown,0.1,low,2,20,2472551857,0.03495181773917911
brown,0.1,low,2,21,1213503336,0.04403247475713947
brown,0.1,low,2,22,2279751978,0.04885763553348863
brown,0.1,low,2,23,3544019662,0.042643299420408724
brown,0.1,low,2,24,92902775,0.048181619668208164
brown,0.1,low,2,25,662072783,0.04809631472458608
brown,0.1,low,2,26,2918059190,0.043806512348808974
brown,0.1,low,2,27,1866392510,0.04376394906762748
brown,0.1,low,2,28,2926585061,0.07927803343607934
brown,0.1,low,2,29,2922885405,0.04087450326713579
brown,0.1,low,2,30,3303374706,0.03869062953559601
brown,0.1,low,2,31,187505452,0.05258012969642893
brown,0.1,low,2,32,3849913013,0.0452973997710752
brown,0.1,low,2,33,3778168815,0.05879907127145847
brown,0.1,low,2,34,3090214743,0.062199932980185675
brown,0.1,low,2,35,2499708020,0.058075111509199535
brown,0.1,low,2,36,1678625007,0.08029900774503024
brown,0.1,low,2,37,367324818,0.04855459804345082
brown,0.1,low,2,38,2307769196,0.06358925628340063
brown,0.1,low,2,39,2352366468,0.051079153805826
brown,0.1,low,3,1,4021499913,0.0642710643048233
brown,0.1,low,3,2,4030710742,0.0456033647430399
brown,0.1,low,3,3,2182558570,0.06623737085589264
brown,0.1,low,3,4,616423605,0.03842386898285039
brown,0.1,low,3,5,2792840440,0.06531597148252419
brown,0.1,low,3,6,2579061337,0.052968866128307944
brown,0.1,low,3,7,209875001,0.04079604685673472
brown,0.1,low,3,8,1800464940,0.05396866426903417
brown,0.1,low,3,9,491232660,0.05284442227765539
brown,0.1,low,3,10,4022826903,0.03533692997739089
brown,0.1,low,3,11,2070333274,0.05225081064652402
brown,0.1,low,3,12,2446857503,0.0542955782359665
brown,0.1,low,3,13,891258395,0.05635436487493725
brown,0.1,low,3,14,23192943,0.057038857435074905
brown,0.1,low,3,15,4223718440,0.052919621138192145
brown,0.1,low,3,16,2206903761,0.043507998809735826
brown,0.1,low,3,17,1908655797,0.03263831309349272
brown,0.1,low,3,18,2809470379,0.050219242927183896
brown,0.1,low,3,19,2038720089,0.04901950418584032
brown,0.1,low,3,20,3839551335,0.07597958418234643
brown,0.1,low,3,21,1328478534,0.05553694943263083
brown,0.1,low,3,22,1857672510,0.04274761390176243
brown,0.1,low,3,23,681509472,0.04876331769777182
brown,0.1,low,3,24,1154238839,0.04551149786113691
brown,0.1,low,3,25,1962786888,0.03667539893416045
brown,0.1,low,3,26,874516911,0.05568862136994929
brown,0.1,low,3,27,3367638534,0.04990380708621542
brown,0.1,low,3,28,527790516,0.03792253489442191
brown,0.1,low,3,29,1637376550,0.06522615836925028
brown,0.1,low,3,30,671493989,0.06451900567749563
brown,0.1,low,3,31,3466119109,0.04086566817413618
brown,0.1,low,3,32,481723669,0.05051752137927392
brown,0.1,low,3,33,920612295,0.05232331945091357
brown,0.1,low,3,34,665177366,0.07644855479109341
brown,0.1,low,3,35,3240428850,0.04201569918517669
brown,0.1,low,3,36,644689562,0.038121166362672994
brown,0.1,low,3,37,1438973319,0.05275107421611549
brown,0.1,low,3,38,776803064,0.06679610453468511
brown,0.1,low,3,39,1951962125,0.037273572055670036
brown,0.1,low,4,1,1682926926,0.03915491706200081
brown,0.1,low,4,2,654768942,0.05561056994903843
brown,0.1,low,4,3,4049240368,0.04232917126278741
brown,0.1,low,4,4,2359316751,0.04286222847767899
brown,0.1,low,4,5,1961838661,0.05162379594555999
brown,0.1,low,4,6,91464104,0.036778323560880254
brown,0.1,low,4,7,1079417174,0.07292306533543653
brown,0.1,low,4,8,4251650278,0.05225020369251102
brown,0.1,low,4,9,2197080620,0.07916068083491958
brown,0.1,low,4,10,2553324066,0.052185211355621645
brown,0.1,low,4,11,2784260923,0.05433953602642396
brown,0.1,low,4,12,221706674,0.0471354655881177
brown,0.1,low,4,13,944075760,0.05791541529011324
brown,0.1,low,4,14,551216225,0.0473814443190216
brown,0.1,low,4,15,2036407278,0.046689605222085366
brown,0.1,low,4,16,3871555693,0.03943035666054188
brown,0.1,low,4,17,86701251,0.0444444715707694
brown,0.1,low,4,18,2344166050,0.062498487043718
brown,0.1,low,4,19,1389204051,0.045848712996420266
brown,0.1,low,4,20,190163833,0.062096809019115184
brown,0.1,low,4,21,148267653,0.03940452907887395
brown,0.1,low,4,22,2681812499,0.044930004034959316
brown,0.1,low,4,23,3049267608,0.06979539201448248
brown,0.1,low,4,24,2633463467,0.04601629772342143
brown,0.1,low,4,25,872583504,0.038727127311353346
brown,0.1,low,4,26,2909470576,0.06575857731940037
brown,0.1,low,4,27,3977904145,0.05568875446954226
brown,0.1,low,4,28,1254314397,0.053431053335756894
brown,0.1,low,4,29,3373052623,0.04466184164789171
brown,0.1,low,4,30,2852474589,0.052215332822890904
brown,0.1,low,4,31,1399177241,0.044762514960490205
brown,0.1,low,4,32,3124759278,0.039879344331937544
brown,0.1,low,4,33,2837802710,0.042195537379331176
brown,0.1,low,4,34,1415338466,0.04007956722093071
brown,0.1,low,4,35,2696261821,0.04115310852748254
brown,0.1,low,4,36,2632301909,0.0545605916988178
brown,0.1,low,4,37,2400029989,0.04344247192763374
brown,0.1,low,4,38,3409549037,0.054552017560620454
brown,0.1,low,4,39,305822366,0.0671053143351268
brown,0.1,low,5,1,1224060464,0.05387556312081748
brown,0.1,low,5,2,3408585437,0.05066981513744598
brown,0.1,low,5,3,1223709640,0.04445228213191121
brown,0.1,low,5,4,1206239402,0.08490153864265289
brown,0.1,low,5,5,1702987861,0.03753237033469295
brown,0.1,low,5,6,4067554858,0.053335201984221335
brown,0.1,low,5,7,1516138188,0.0463960501749344
brown,0.1,low,5,8,285090647,0.0535569188907542
brown,0.1,low,5,9,910914374,0.06734577263398518
brown,0.1,low,5,10,3960516084,0.060402784539488025
brown,0.1,low,5,11,568289048,0.06645160703247105
brown,0.1,low,5,12,3621226406,0.05968044050219227
brown,0.1,low,5,13,2394575347,0.07384260038973062
brown,0.1,low,5,14,1154811803,0.0489918200727243
brown,0.1,low,5,15,2303116110,0.06521203799462447
brown,0.1,low,5,16,1211709725,0.050465292522504174
brown,0.1,low,5,17,503598665,0.07434360656729615
brown,0.1,low,5,18,3828876326,0.04758864588021982
brown,0.1,low,5,19,1050996567,0.0561506419736424
brown,0.1,low,5,20,518529998,0.046967304587159045
brown,0.1,low,5,21,2245548080,0.05312556435099919
brown,0.1,low,5,22,3861121752,0.10017666798944411
brown,0.1,low,5,23,2630394165,0.06750962306559231
brown,0.1,low,5,24,3023194368,0.05961011424766684
brown,0.1,low,5,25,4267690296,0.03944435352428698
brown,0.1,low,5,26,3006485735,0.03847762806662215
brown,0.1,low,5,27,325527372,0.04209426247049708
brown,0.1,low,5,28,2324211716,0.06383619758683717
brown,0.1,low,5,29,2384379368,0.036829843837902124
brown,0.1,low,5,30,2563640132,0.04715072766931949
brown,0.1,low,5,31,3975346317,0.03909127903228165
brown,0.1,low,5,32,689015817,0.054375251307816945
brown,0.1,low,5,33,947701087,0.061651091191295485
brown,0.1,low,5,34,2322486159,0.048788080088393214
brown,0.1,low,5,35,4223498819,0.04058580199049012
brown,0.1,low,5,36,2386020009,0.06967940668646304
brown,0.1,low,5,37,232697828,0.044360949897551405
brown,0.1,low,5,38,2893969328,0.050964498304719906
brown,0.1,low,5,39,1513081857,0.05348087588804222
brown,0.3,random,1,1,1005577314,0.04383671215341898
brown,0.3,random,1,2,913187994,0.03895100123327656
brown,0.3,random,1,3,1479501550,0.047861370423371255
brown,0.3,random,1,4,1741989991,0.0607742315083738
brown,0.3,random,1,5,2519515122,0.054986345351142135
brown,0.3,random,1,6,1143966120,0.06145711414529282
brown,0.3,random,1,7,516449523,0.05515301362570594
brown,0.3,random,1,8,2750198997,0.03316560208141887
brown,0.3,random,1,9,4085301644,0.04212501172054228
brown,0.3,random,1,10,1873306861,0.049292482849809034
brown,0.3,random,1,11,4254536335,0.05683110438949874
brown,0.3,random,1,12,133049654,0.054048238205029964
brown,0.3,random,1,13,1454562859,0.05225555978771387
brown,0.3,random,1,14,2960806517,0.04742563221286762
brown,0.3,random,1,15,4200898359,0.057144927093610846
brown,0.3,random,1,16,4012125222,0.039452848136733616
brown,0.3,random,1,17,1633731829,0.04541422667354666
brown,0.3,random,1,18,2419812468,0.06308897523311106
brown,0.3,random,1,19,492739124,0.03880494284094451
brown,0.3,random,1,20,810761395,0.04840961874864352
brown,0.3,random,1,21,3572005431,0.03823863408959013
brown,0.3,random,1,22,2620089172,0.05763602449243039
brown,0.3,random,1,23,2523585126,0.051247352173411115
brown,0.3,random,1,24,730590523,0.05436154300215407
brown,0.3,random,1,25,4193124139,0.05099896026397344
brown,0.3,random,1,26,3392559800,0.053565844939479516
brown,0.3,random,1,27,2842121752,0.04946856518230778
brown,0.3,random,1,28,3249626075,0.045264314629650915
brown,0.3,random,1,29,1338818939,0.0656129637576568
brown,0.3,random,1,30,2707088558,0.04363923106987075
brown,0.3,random,1,31,2287158803,0.037287009165848636
brown,0.3,random,1,32,1552247455,0.04598134755014598
brown,0.3,random,1,33,3757048439,0.05120678949066261
brown,0.3,random,1,34,113006262,0.07931224583258493
brown,0.3,random,1,35,2011979896,0.052696524058912425
brown,0.3,random,1,36,918418034,0.03820064971641608
brown,0.3,random,1,37,2290270593,0.051050617238660174
brown,0.3,random,1,38,1198656274,0.04862726615335061
brown,0.3,random,1,39,3252389315,0.057778612585907954
brown,0.3,random,2,1,2710140473,0.04103106890515331
brown,0.3,random,2,2,3420598620,0.0594550905296088
brown,0.3,random,2,3,1474614737,0.04138757597609097
brown,0.3,random,2,4,2875417845,0.04659487837727031
brown,0.3,random,2,5,882252285,0.04751663680412408
brown,0.3,random,2,6,3524608015,0.0639147607982556
brown,0.3,random,2,7,2818128618,0.08171497633280254
brown,0.3,random,2,8,3397194603,0.04398341296994521
brown,0.3,random,2,9,4000091230,0.052969587681426386
brown,0.3,random,2,10,1117725806,0.06284189437978129
brown,0.3,random,2,11,4200196847,0.03780196511446389
brown,0.3,random,2,12,505478678,0.04345401351053874
brown,0.3,random,2,13,2521996472,0.04841961035387198
brown,0.3,random,2,14,1065158754,0.0649022020367402
brown,0.3,random,2,15,755857794,0.03635665402109216
brown,0.3,random,2,16,3994060631,0.0573500780598879
brown,0.3,random,2,17,3209750072,0.05383955855507292
brown,0.3,random,2,18,1448378155,0.04702054529276919
brown,0.3,random,2,19,1371779471,0.038387785120012334
brown,0.3,random,2,20,2777647306,0.04203859123211778
brown,0.3,random,2,21,1530125864,0.03783235156116929
brown,0.3,random,2,22,1450324457,0.062358615174887305
brown,0.3,random,2,23,1952037943,0.06316455830245155
brown,0.3,random,2,24,217894847,0.05341331351096144
brown,0.3,random,2,25,3907328481,0.06830552418247787
brown,0.3,random,2,26,1042936130,0.045209274791439796
brown,0.3,random,2,27,3016505606,0.04300988581284868
brown,0.3,random,2,28,3912616348,0.05401462816391041
brown,0.3,random,2,29,4161108954,0.03601077583550685
brown,0.3,random,2,30,388902892,0.04394011274339001
brown,0.3,random,2,31,690227594,0.06461836348538144
brown,0.3,random,2,32,3833333563,0.042269670789955326
brown,0.3,random,2,33,3008716999,0.03819877686451785
brown,0.3,random,2,34,2258773550,0.04983275965528204
brown,0.3,random,2,35,3599348342,0.044765936502929496
brown,0.3,random,2,36,34380115,0.04945276470903218
brown,0.3,random,2,37,1246191468,0.04588490441209293
brown,0.3,random,2,38,604450234,0.0503492926634033
brown,0.3,random,2,39,1252263321,0.06307168277617171
brown,0.3,random,3,1,3220979317,0.06088000292584698
brown,0.3,random,3,2,3967291707,0.045282999282874034
brown,0.3,random,3,3,3414143689,0.038991353204339996
brown,0.3,random,3,4,2603392135,0.05375575729693859
brown,0.3,random,3,5,1559272870,0.03930708189473891
brown,0.3,random,3,6,3072620627,0.05414924924188085
brown,0.3,random,3,7,2806342573,0.04466108006436125
brown,0.3,random,3,8,2877535654,0.04379919597107708
brown,0.3,random,3,9,1309215536,0.0583258655052947
brown,0.3,random,3,10,439903318,0.04954170750465019
brown,0.3,random,3,11,978386779,0.04684001691053435
brown,0.3,random,3,12,1921606309,0.03717569778676968
brown,0.3,random,3,13,3202940421,0.0523136367098487
brown,0.3,random,3,14,3547208185,0.07958766220904524
brown,0.3,random,3,15,1760549540,0.0562264154392485
brown,0.3,random,3,16,1455658377,0.04665730998636872
brown,0.3,random,3,17,3297186510,0.05047542851549619
brown,0.3,random,3,18,4270382543,0.06954988597806652
brown,0.3,random,3,19,3815502185,0.049273659967963804
brown,0.3,random,3,20,1983196337,0.08839364177755554
brown,0.3,random,3,21,3083221945,0.03863571604266547
brown,0.3,random,3,22,889200318,0.0776008692485546
brown,0.3,random,3,23,4110303910,0.042898542200436235
brown,0.3,random,3,24,1559413974,0.04079584937210417
brown,0.3,random,3,25,3555595353,0.05323890849138592
brown,0.3,random,3,26,167322287,0.04274122369793725
brown,0.3,random,3,27,2127589191,0.05165876772583056
brown,0.3,random,3,28,4089141881,0.042481846917719814
brown,0.3,random,3,29,4171158457,0.06526421346878139
brown,0.3,random,3,30,1368762501,0.043250045308059974
brown,0.3,random,3,31,3643358922,0.04941005535864121
brown,0.3,random,3,32,342638830,0.047253964975008216
brown,0.3,random,3,33,752299552,0.055720240036010116
brown,0.3,random,3,34,1620690987,0.06775717150354997
brown,0.3,random,3,35,1952743420,0.05769989448594007
brown,0.3,random,3,36,403090422,0.04168167269355819
brown,0.3,random,3,37,3710541162,0.048170456991720526
brown,0.3,random,3,38,2292596586,0.053331155380386436
brown,0.3,random,3,39,309547455,0.08146000476881061
brown,0.3,random,4,1,758852132,0.04119193670003589
brown,0.3,random,4,2,708379197,0.043115741325599644
brown,0.3,random,4,3,64863911,0.06623558905703261
brown,0.3,random,4,4,2994438654,0.044585409331109
brown,0.3,random,4,5,1702355117,0.05369515068925191
brown,0.3,random,4,6,1789560863,0.047781887899475246
brown,0.3,random,4,7,2537073080,0.05293674820798404
brown,0.3,random,4,8,1559941917,0.04635376026383089
brown,0.3,random,4,9,2463510558,0.05169706428591158
brown,0.3,random,4,10,222600367,0.058084646690154236
brown,0.3,random,4,11,1758580401,0.06632510871384822
brown,0.3,random,4,12,842123181,0.05900215543127854
brown,0.3,random,4,13,2212908413,0.06969646777077483
brown,0.3,random,4,14,3830618491,0.0708237526064088
brown,0.3,random,4,15,1517931164,0.0709708022298212
brown,0.3,random,4,16,436317311,0.05582362369963951
brown,0.3,random,4,17,3824695747,0.04733029778550226
brown,0.3,random,4,18,3814983821,0.055952570440494516
brown,0.3,random,4,19,1227310913,0.0429166320560103
brown,0.3,random,4,20,2852120327,0.05366864483221104
brown,0.3,random,4,21,3550697454,0.031027055981411176
brown,0.3,random,4,22,773888305,0.04510729713014412
brown,0.3,random,4,23,3428369968,0.04179732937401765
brown,0.3,random,4,24,1058462546,0.0542642376049847
brown,0.3,random,4,25,201069550,0.04557163682306618
brown,0.3,random,4,26,675899395,0.03738082033555436
brown,0.3,random,4,27,3696341640,0.061058479030231406
brown,0.3,random,4,28,2671152272,0.04373114593793504
brown,0.3,random,4,29,2834718515,0.05326226049027249
brown,0.3,random,4,30,428597683,0.03769174166663459
brown,0.3,random,4,31,2284100748,0.052761202548527945
brown,0.3,random,4,32,1443264768,0.04367495526618058
brown,0.3,random,4,33,3392110554,0.06629125799907051
brown,0.3,random,4,34,2892531678,0.04940562644628318
brown,0.3,random,4,35,2261121997,0.050212113716518895
brown,0.3,random,4,36,2481202964,0.051408402312540846
brown,0.3,random,4,37,2324661438,0.048039634763409444
brown,0.3,random,4,38,4233759042,0.04901623594917578
brown,0.3,random,4,39,3006592116,0.03926242420300618
brown,0.3,random,5,1,3937733441,0.05630422957450171
brown,0.3,random,5,2,4229627068,0.04284169005359481
brown,0.3,random,5,3,239660433,0.05449222770413675
brown,0.3,random,5,4,4117930540,0.03490130595377836
brown,0.3,random,5,5,834502870,0.06649347171156712
brown,0.3,random,5,6,2967983469,0.08015739675527235
brown,0.3,random,5,7,2844815955,0.048009355295291954
brown,0.3,random,5,8,2227855524,0.07796486639740431
brown,0.3,random,5,9,3198734746,0.047458539610891796
brown,0.3,random,5,10,2630910709,0.06257424388317238
brown,0.3,random,5,11,41370049,0.05264349423060781
brown,0.3,random,5,12,423517264,0.04514883298293386
brown,0.3,random,5,13,2369593319,0.062325075144167026
brown,0.3,random,5,14,3131366459,0.03598188771138533
brown,0.3,random,5,15,2188148155,0.04378822502565328
brown,0.3,random,5,16,2450624838,0.0428077277763921
brown,0.3,random,5,17,2491335042,0.04908796237940552
brown,0.3,random,5,18,4236761176,0.05449463253706577
brown,0.3,random,5,19,529289276,0.05654506248001424
brown,0.3,random,5,20,3801784707,0.0380108409077367
brown,0.3,random,5,21,1412308373,0.05031741292557142
brown,0.3,random,5,22,1213724748,0.052934375541507414
brown,0.3,random,5,23,1678698544,0.06938813808933456
brown,0.3,random,5,24,3160650960,0.057261329712758026
brown,0.3,random,5,25,1450025109,0.05500417293724922
brown,0.3,random,5,26,1980785531,0.06199343417513423
brown,0.3,random,5,27,2733337249,0.058324621091036116
brown,0.3,random,5,28,1344419855,0.0640221838540214
brown,0.3,random,5,29,1345282968,0.04384534903104786
brown,0.3,random,5,30,472456171,0.03582525651510471
brown,0.3,random,5,31,465928123,0.043315994802876075
brown,0.3,random,5,32,1482624416,0.03459339300435037
brown,0.3,random,5,33,3383788834,0.04292046527621722
brown,0.3,random,5,34,3351282976,0.05910195043740816
brown,0.3,random,5,35,1327662525,0.06157232021646812
brown,0.3,random,5,36,3668084445,0.057382254568808314
brown,0.3,random,5,37,4134560731,0.04538040894868256
brown,0.3,random,5,38,812880618,0.06430015971652944
brown,0.3,random,5,39,3984014022,0.06849817571216812
brown,0.3,high,1,1,2212553481,0.03263821895253306
brown,0.3,high,1,2,1004025147,0.053621577995703155
brown,0.3,high,1,3,2352913426,0.04781035012446236
brown,0.3,high,1,4,2226930615,0.04346728811317931
brown,0.3,high,1,5,333408247,0.07748253533836927
brown,0.3,high,1,6,3194096925,0.07124399905651348
brown,0.3,high,1,7,2430362258,0.04432735153242965
brown,0.3,high,1,8,2547298713,0.06633699246594792
brown,0.3,high,1,9,1403592712,0.040963700751265875
brown,0.3,high,1,10,2343221002,0.03889381070361264
brown,0.3,high,1,11,3731269069,0.05658000802145423
brown,0.3,high,1,12,220871287,0.03709789959538612
brown,0.3,high,1,13,3224632790,0.07772780750154486
brown,0.3,high,1,14,1811676057,0.06006354386588417
brown,0.3,high,1,15,2535368821,0.052040779704943696
brown,0.3,high,1,16,2936583520,0.04203364341791454
brown,0.3,high,1,17,1103020183,0.05514022686288552
brown,0.3,high,1,18,1316619352,0.051626722154973
brown,0.3,high,1,19,1838017002,0.05685038187374449
brown,0.3,high,1,20,3416075991,0.06020321730560422
brown,0.3,high,1,21,1906371964,0.042526371738371205
brown,0.3,high,1,22,1430769423,0.04764068875856085
brown,0.3,high,1,23,1581229758,0.05358524923447505
brown,0.3,high,1,24,2343452944,0.043520402671100154
brown,0.3,high,1,25,4164534290,0.04134339758782498
brown,0.3,high,1,26,3567681054,0.07762875158147045
brown,0.3,high,1,27,559185659,0.06654329550693215
brown,0.3,high,1,28,2686936023,0.07033087887392288
brown,0.3,high,1,29,1612122989,0.04379022393156075
brown,0.3,high,1,30,2909798678,0.03504249109691221
brown,0.3,high,1,31,407893692,0.05058805230441196
brown,0.3,high,1,32,2710989082,0.04444343450429627
brown,0.3,high,1,33,1921512904,0.06471966383152762
brown,0.3,high,1,34,3073268818,0.04863279379594524
brown,0.3,high,1,35,932477630,0.06261746603557361
brown,0.3,high,1,36,245352669,0.0471312880512295
brown,0.3,high,1,37,3799857395,0.060654535887014596
brown,0.3,high,1,38,478446782,0.05591419732736242
brown,0.3,high,1,39,1865750407,0.03467173232710165
