type,lambda
original,0.5448261986426107
IAAFT_surrogate,0.6652476710934944
IAAFT_surrogate,0.5226090213239165
IAAFT_surrogate,0.6966668145452859
IAAFT_surrogate,0.6558320368350563
IAAFT_surrogate,0.6027992890408831
IAAFT_surrogate,0.5275018792431888
IAAFT_surrogate,0.582299524694407
IAAFT_surrogate,0.6508482321671605
IAAFT_surrogate,0.5736732276694095
IAAFT_surrogate,0.6416860139344444
IAAFT_surrogate,0.6455827746672411
IAAFT_surrogate,0.7139474208600283
IAAFT_surrogate,0.7111472784581391
IAAFT_surrogate,0.6106914597363896
IAAFT_surrogate,0.7733185108768914
IAAFT_surrogate,0.6322551585600616
IAAFT_surrogate,0.6490726218128324
IAAFT_surrogate,0.6606442277543193
IAAFT_surrogate,0.6246900260110329
IAAFT_surrogate,0.6863306066331142
IAAFT_surrogate,0.6159098510998752
IAAFT_surrogate,0.7115514037579357
IAAFT_surrogate,0.6755353761938102
IAAFT_surrogate,0.6933169744589798
IAAFT_surrogate,0.5424621268473367
IAAFT_surrogate,0.5731761118974369
IAAFT_surrogate,0.6477667606526194
IAAFT_surrogate,0.6529716293517045
IAAFT_surrogate,0.5501922403573463
IAAFT_surrogate,0.6495220103483494
IAAFT_surrogate,0.6639661510878626
IAAFT_surrogate,0.6660725945166132
IAAFT_surrogate,0.6334466937299644
IAAFT_surrogate,0.642677734044916
IAAFT_surrogate,0.7322332728186147
IAAFT_surrogate,0.7163880800992202
IAAFT_surrogate,0.6898494014312081
IAAFT_surrogate,0.5956071818951143
IAAFT_surrogate,0.5845473944145861
