Data,Run,Original λ,IAAFT Z-score,IAAFT Significance
1ES1959+650_lc_liner,1,0.714558,0.983,NS
1ES1959+650_lc_liner,2,0.714558,0.692,NS
1ES1959+650_lc_liner,3,0.714558,1.045,NS
1ES1959+650_lc_liner,4,0.714558,0.969,NS
1ES1959+650_lc_liner,5,0.714558,1.194,NS
3c273_lc_liner,1,1.612552,-0.467,NS
3c273_lc_liner,2,1.612552,-0.807,NS
3c273_lc_liner,3,1.612552,-0.117,NS
3c273_lc_liner,4,1.612552,-0.197,NS
3c273_lc_liner,5,1.612552,-0.437,NS
3c279_lc_liner,1,1.625738,1.284,NS
3c279_lc_liner,2,1.625738,1.136,NS
3c279_lc_liner,3,1.625738,1.015,NS
3c279_lc_liner,4,1.625738,1.089,NS
3c279_lc_liner,5,1.625738,1.269,NS
3c454.3_lc_liner,1,1.394798,-0.957,NS
3c454.3_lc_liner,2,1.394798,-1.035,NS
3c454.3_lc_liner,3,1.394798,-1.156,NS
3c454.3_lc_liner,4,1.394798,-0.841,NS
3c454.3_lc_liner,5,1.394798,-0.659,NS
3c66a_lc_liner,1,0.680544,0.17,NS
3c66a_lc_liner,2,0.680544,-0.02,NS
3c66a_lc_liner,3,0.680544,0.246,NS
3c66a_lc_liner,4,0.680544,-0.005,NS
3c66a_lc_liner,5,0.680544,0.035,NS
4c+21.35_lc_liner,1,2.067917,1.192,NS
4c+21.35_lc_liner,2,2.067917,1.039,NS
4c+21.35_lc_liner,3,2.067917,1.031,NS
4c+21.35_lc_liner,4,2.067917,0.868,NS
4c+21.35_lc_liner,5,2.067917,0.735,NS
4c+38.41_lc_liner,1,1.002057,-1.608,NS
4c+38.41_lc_liner,2,1.002057,-1.635,NS
4c+38.41_lc_liner,3,1.002057,-2.076,5%
4c+38.41_lc_liner,4,1.002057,-1.582,NS
4c+38.41_lc_liner,5,1.002057,-1.439,NS
bl_lac_lc_liner,1,0.696209,1.061,NS
bl_lac_lc_liner,2,0.696209,1.512,NS
bl_lac_lc_liner,3,0.696209,0.881,NS
bl_lac_lc_liner,4,0.696209,0.999,NS
bl_lac_lc_liner,5,0.696209,0.93,NS
cta102_lc_liner,1,1.561695,-0.572,NS
cta102_lc_liner,2,1.561695,-0.528,NS
cta102_lc_liner,3,1.561695,-0.855,NS
cta102_lc_liner,4,1.561695,-0.595,NS
cta102_lc_liner,5,1.561695,-0.809,NS
mkn421_lc_liner,1,0.544826,-2.243,5%
mkn421_lc_liner,2,0.544826,-1.693,NS
mkn421_lc_liner,3,0.544826,-1.611,NS
mkn421_lc_liner,4,0.544826,-1.656,NS
mkn421_lc_liner,5,0.544826,-2.159,5%
mkn501_lc_liner,1,0.582363,0.682,NS
mkn501_lc_liner,2,0.582363,0.716,NS
mkn501_lc_liner,3,0.582363,1.06,NS
mkn501_lc_liner,4,0.582363,1.289,NS
mkn501_lc_liner,5,0.582363,1.264,NS
pks0235+164_lc_liner,1,1.94369,0.749,NS
pks0235+164_lc_liner,2,1.94369,0.637,NS
pks0235+164_lc_liner,3,1.94369,1.03,NS
pks0235+164_lc_liner,4,1.94369,0.624,NS
pks0235+164_lc_liner,5,1.94369,0.812,NS
pks0454-234_lc_liner,1,1.14352,-0.304,NS
pks0454-234_lc_liner,2,1.14352,-0.105,NS
pks0454-234_lc_liner,3,1.14352,-0.133,NS
pks0454-234_lc_liner,4,1.14352,-0.489,NS
pks0454-234_lc_liner,5,1.14352,-0.158,NS
pks1424-41_lc_liner,1,1.136287,-0.798,NS
pks1424-41_lc_liner,2,1.136287,-0.473,NS
pks1424-41_lc_liner,3,1.136287,-0.397,NS
pks1424-41_lc_liner,4,1.136287,-0.732,NS
pks1424-41_lc_liner,5,1.136287,-0.47,NS
pks1502+106_lc_liner,1,1.193079,0.216,NS
pks1502+106_lc_liner,2,1.193079,0.474,NS
pks1502+106_lc_liner,3,1.193079,0.419,NS
pks1502+106_lc_liner,4,1.193079,0.201,NS
pks1502+106_lc_liner,5,1.193079,0.55,NS
pks2155-304_lc_liner,1,0.577026,-0.794,NS
pks2155-304_lc_liner,2,0.577026,-0.739,NS
pks2155-304_lc_liner,3,0.577026,-0.595,NS
pks2155-304_lc_liner,4,0.577026,-0.59,NS
pks2155-304_lc_liner,5,0.577026,-0.773,NS
s5_0716+71_lc_liner,1,0.831886,1.577,NS
s5_0716+71_lc_liner,2,0.831886,1.926,NS
s5_0716+71_lc_liner,3,0.831886,1.25,NS
s5_0716+71_lc_liner,4,0.831886,1.344,NS
s5_0716+71_lc_liner,5,0.831886,1.819,NS
ton599_lc_liner,1,1.18285,-0.654,NS
ton599_lc_liner,2,1.18285,-0.656,NS
ton599_lc_liner,3,1.18285,-0.735,NS
ton599_lc_liner,4,1.18285,-0.637,NS
ton599_lc_liner,5,1.18285,-0.49,NS
w_comae_lc_liner,1,0.494442,-1.801,NS
w_comae_lc_liner,2,0.494442,-1.912,NS
w_comae_lc_liner,3,0.494442,-2.204,5%
w_comae_lc_liner,4,0.494442,-1.98,5%
w_comae_lc_liner,5,0.494442,-1.642,NS
