dataset,n_points,tau,max_change_from_m,max_change_to_m,threshold,TE_m1,TE_m2,TE_m3,TE_m4,TE_m5,TE_m6,TE_m7,TE_m8,TE_m9
1ES1959+650_lc_liner,578,10,1,2,3.0910560989743354,3.5560160096140345,2.626096188334636,2.1951618957448504,2.3138929333127765,2.391809838639671,2.332292676906862,2.323415027603631,2.4630749429308985,2.683062836281551
3c273_lc_liner,578,8,1,2,3.7032566030449083,4.038518599199916,3.3679946068899005,3.169818093986145,3.1816287115069466,3.317593709096247,2.826824391247997,3.088938006803689,3.174615873226057,3.121548436650587
3c279_lc_liner,578,3,1,2,4.172284586942775,4.50817782945599,3.8363913444295585,3.1756168219245016,2.53874143536462,2.5663770619251123,3.031251997383321,2.7039826412607897,2.70173103364965,3.316484704203147
3c454.3_lc_liner,578,8,1,2,4.1812222637635195,5.149858121277886,3.2125864062491543,3.411640920292327,3.719581434962597,3.917638300725604,3.6998240278852172,3.9439997263360995,4.166995597191933,3.6796826146143657
3c66a_lc_liner,578,2,1,2,2.326496255596414,2.777122382102236,1.8758701290905921,1.6911827512495752,1.6223877759000647,1.595456580103344,1.7442492998387507,1.6482678342353805,1.8959206612261894,1.8032573756139758
4c+21.35_lc_liner,568,13,1,2,4.922648514939424,5.725166396764619,4.120130633114229,4.8188452005661535,4.550372289345255,4.419156248149115,4.986701102490818,4.823233153074594,5.436820217433281,4.971141399511339
4c+38.41_lc_liner,578,18,7,9,4.704157580545752,5.110134258033934,4.461983689252423,3.911797468999496,3.5055639875829847,4.019688853981892,4.1490206976697355,4.421587205522555,4.415839495632298,5.275046040482403
bl_lac_lc_liner,578,9,1,2,2.919807678912764,3.397726403671952,2.4418889541535753,2.2332936385570457,2.6413191276936043,2.755394590600777,2.7235760865599072,2.9823982444220296,2.7037908830716573,2.8959013427976434
cta102_lc_liner,578,10,1,2,4.511376389679832,4.753757818078818,4.268994961280844,3.942344439926651,4.026490968402376,4.000441226193895,3.992910702688152,4.472873294635326,4.39482089923896,4.635599690921504
mkn421_lc_liner,578,6,1,2,2.8450064103586645,3.655582302584036,2.034430518133293,2.189324430438309,2.0874902968877564,2.1249983561574814,2.29252397001678,2.1763956184465747,2.4531421798301745,2.517652854765981
mkn501_lc_liner,578,1,1,2,1.337770799932399,1.8536596648166994,0.8218819350480985,0.44680226415098456,0.41913804016098777,0.42217508881487403,0.4507925356554283,0.4840716010765928,0.5820643440611579,0.6095967524554525
pks0235+164_lc_liner,571,11,1,2,2.9501045366628063,3.870794657312956,2.0294144160126564,1.7268581898278534,1.9981277096229384,2.3141428776825945,2.530507619063223,2.360651243116263,2.5232140087617165,2.838542538586904
pks0454-234_lc_liner,578,8,1,2,4.748310892855832,5.442467016302283,4.05415476940938,3.3759445419362835,3.1711323181549966,3.8186391577932803,3.6967059193090064,3.7612111403422817,4.330981759873497,4.596148311847024
pks1424-41_lc_liner,568,19,1,2,5.9363207976620185,7.2413401096250825,4.631301485698955,4.33209205856077,4.306651867893171,4.608101695010326,5.100194110641759,5.499805125734102,5.798069656333196,6.363570361038621
pks1502+106_lc_liner,577,27,7,9,5.0122011858907305,4.461166591406652,3.9680527930566023,4.447864978785248,4.083869871570337,4.027809720063894,4.442072232353926,4.640646027342369,4.552649901085805,5.843307629244016
pks2155-304_lc_liner,578,2,4,6,1.66988841597965,2.2097843284448317,1.8365531104443662,1.605651516070791,1.619539515674827,1.4888581657877789,1.9012675664763445,1.817485850870207,2.182409207614048,2.0890452625565414
s5_0716+71_lc_liner,578,3,1,2,3.34924780750287,4.38801496602229,2.3104806489834506,2.5377917755841213,2.2724169679597295,2.453499747014231,2.718890561123902,3.139734711038462,2.9334784052032434,3.1393799353559837
ton599_lc_liner,565,8,1,3,3.152573660052905,3.3048206310846266,2.689735749586391,3.4631645994876967,3.494385614115133,3.4484708508944673,3.4772822605287965,3.4191968318862545,3.3419752261885036,3.2921144499712973
w_comae_lc_liner,578,3,1,2,2.7633957948832686,3.252992185731794,2.273799404034744,1.8903153995419348,2.1875252170920954,2.399431824794061,2.4917935828560682,2.6393155423663464,2.6447700167806314,2.657671182248929
