surrogate_id,seed,lambda_iaaft,iterations,stop_reason,distribution_error,spectrum_error,acf_rmse,same_as_input
1,2009017068,0.06087973852162879,266,stagnation,0.0,0.0005431367810013107,0.0019190529609059324,False
2,765023593,0.05394531511713016,165,fixed_point,0.0,0.0003146433284872918,0.0007943849841201882,False
3,2431512396,0.053045448867174154,307,fixed_point,0.0,0.0004692189953813382,0.0008610927760862937,False
4,2227427373,0.05060624935576256,189,fixed_point,0.0,0.000379891423252247,0.00045067317422482365,False
5,1007416212,0.052621479925323324,131,fixed_point,0.0,0.00031027799451938744,0.00020649586225074791,False
6,2085531663,0.0523623052571407,283,fixed_point,0.0,0.000544735663387185,0.0004265852527290968,False
7,2744047897,0.05385401457333687,318,fixed_point,0.0,0.0005481296605828577,0.0018773089306171832,False
8,2078778980,0.05386233453653336,195,stagnation,0.0,0.00040277169188429927,0.004849823984499949,False
9,31826349,0.062379263009181854,343,fixed_point,0.0,0.00046855878608646333,0.001369172711744431,False
10,209480380,0.05522295963553038,173,fixed_point,0.0,0.0003779475771562392,0.0020436536480877452,False
11,3865607185,0.05370704006730658,111,fixed_point,0.0,0.000323573052134702,0.012795613611518283,False
12,1280596901,0.055197324731730474,491,stagnation,0.0,0.0010267952814919069,0.005521245624997862,False
13,1127586637,0.057600003234592106,256,stagnation,0.0,0.0005432636509936086,0.00021648699902898722,False
14,1903101621,0.051031667008913616,141,fixed_point,0.0,0.00032437385059126006,0.0024079759622126495,False
15,1231055398,0.061011802572772285,317,stagnation,0.0,0.000514479937575778,0.0051222223232207775,False
16,51574369,0.05623109582581424,743,stagnation,0.0,0.0013592788583565475,0.012216931734094248,False
17,1344166675,0.05746438515207422,277,stagnation,0.0,0.0006225623572343519,0.0017848694408539555,False
