Data,Run,Original λ,PPS Mean,PPS Std,PPS Z-score,PPS Significance,P-value
1ES1959+650_lc_liner,1,0.32983,0.512074,0.040533,-4.496,1%,1.0
1ES1959+650_lc_liner,2,0.32983,0.509497,0.046976,-3.825,1%,1.0
1ES1959+650_lc_liner,3,0.32983,0.510497,0.044828,-4.03,1%,1.0
1ES1959+650_lc_liner,4,0.32983,0.499106,0.047889,-3.535,1%,1.0
1ES1959+650_lc_liner,5,0.32983,0.514727,0.042821,-4.318,1%,1.0
3c273_lc_liner,1,0.187662,0.39362,0.039948,-5.156,1%,1.0
3c273_lc_liner,2,0.187662,0.408467,0.046139,-4.786,1%,1.0
3c273_lc_liner,3,0.187662,0.416067,0.059576,-3.834,1%,1.0
3c273_lc_liner,4,0.187662,0.402306,0.044487,-4.825,1%,1.0
3c273_lc_liner,5,0.187662,0.397034,0.037252,-5.62,1%,1.0
3c279_lc_liner,1,0.278887,0.499787,0.068805,-3.211,1%,1.0
3c279_lc_liner,2,0.278887,0.47845,0.059008,-3.382,1%,1.0
3c279_lc_liner,3,0.278887,0.47412,0.06449,-3.027,1%,1.0
3c279_lc_liner,4,0.278887,0.485327,0.071188,-2.9,1%,1.0
3c279_lc_liner,5,0.278887,0.501335,0.077549,-2.868,1%,1.0
3c454.3_lc_liner,1,0.141792,0.25465,0.099498,-1.134,NS,1.0
3c454.3_lc_liner,2,0.141792,0.256044,0.058489,-1.953,NS,1.0
3c454.3_lc_liner,3,0.141792,0.241037,0.058609,-1.693,NS,1.0
3c454.3_lc_liner,4,0.141792,0.247502,0.080021,-1.321,NS,0.975
3c454.3_lc_liner,5,0.141792,0.239093,0.079309,-1.227,NS,0.95
3c66a_lc_liner,1,0.384568,0.518399,0.043268,-3.093,1%,1.0
3c66a_lc_liner,2,0.384568,0.521504,0.040637,-3.37,1%,1.0
3c66a_lc_liner,3,0.384568,0.52482,0.044577,-3.146,1%,1.0
3c66a_lc_liner,4,0.384568,0.521474,0.04686,-2.922,1%,1.0
3c66a_lc_liner,5,0.384568,0.509226,0.039956,-3.12,1%,1.0
4c+21.35_lc_liner,1,0.204446,0.260731,0.047609,-1.182,NS,0.925
4c+21.35_lc_liner,2,0.204446,0.259953,0.042588,-1.303,NS,0.9
4c+21.35_lc_liner,3,0.204446,0.251856,0.042637,-1.112,NS,0.875
4c+21.35_lc_liner,4,0.204446,0.25564,0.050205,-1.02,NS,0.825
4c+21.35_lc_liner,5,0.204446,0.262735,0.046442,-1.255,NS,0.925
4c+38.41_lc_liner,1,0.0751,0.450728,0.039858,-9.424,1%,1.0
4c+38.41_lc_liner,2,0.0751,0.450306,0.0383,-9.796,1%,1.0
4c+38.41_lc_liner,3,0.0751,0.446971,0.041273,-9.01,1%,1.0
4c+38.41_lc_liner,4,0.0751,0.438176,0.032594,-11.139,1%,1.0
4c+38.41_lc_liner,5,0.0751,0.446696,0.038323,-9.696,1%,1.0
bl_lac_lc_liner,1,0.204349,0.567642,0.042293,-8.59,1%,1.0
bl_lac_lc_liner,2,0.204349,0.551729,0.040447,-8.589,1%,1.0
bl_lac_lc_liner,3,0.204349,0.560031,0.050957,-6.98,1%,1.0
bl_lac_lc_liner,4,0.204349,0.551117,0.039913,-8.688,1%,1.0
bl_lac_lc_liner,5,0.204349,0.562762,0.046841,-7.652,1%,1.0
cta102_lc_liner,1,0.340261,0.462038,0.053252,-2.287,5%,1.0
cta102_lc_liner,2,0.340261,0.460062,0.066676,-1.797,NS,1.0
cta102_lc_liner,3,0.340261,0.470283,0.057835,-2.248,5%,1.0
cta102_lc_liner,4,0.340261,0.447318,0.05805,-1.844,NS,0.975
cta102_lc_liner,5,0.340261,0.451479,0.055517,-2.003,5%,1.0
mkn421_lc_liner,1,0.367541,0.536345,0.036374,-4.641,1%,1.0
mkn421_lc_liner,2,0.367541,0.533902,0.041016,-4.056,1%,1.0
mkn421_lc_liner,3,0.367541,0.525434,0.037938,-4.162,1%,1.0
mkn421_lc_liner,4,0.367541,0.539382,0.042219,-4.07,1%,1.0
mkn421_lc_liner,5,0.367541,0.533674,0.035677,-4.657,1%,1.0
mkn501_lc_liner,1,0.419607,0.571195,0.036423,-4.162,1%,1.0
mkn501_lc_liner,2,0.419607,0.577814,0.041161,-3.844,1%,1.0
mkn501_lc_liner,3,0.419607,0.579706,0.039009,-4.104,1%,1.0
mkn501_lc_liner,4,0.419607,0.574489,0.035587,-4.352,1%,1.0
mkn501_lc_liner,5,0.419607,0.573985,0.039965,-3.863,1%,1.0
pks0235+164_lc_liner,1,0.228264,0.436901,0.037123,-5.62,1%,1.0
pks0235+164_lc_liner,2,0.228264,0.436915,0.039114,-5.334,1%,1.0
pks0235+164_lc_liner,3,0.228264,0.429837,0.039096,-5.156,1%,1.0
pks0235+164_lc_liner,4,0.228264,0.428322,0.041232,-4.852,1%,1.0
pks0235+164_lc_liner,5,0.228264,0.431574,0.036983,-5.497,1%,1.0
pks0454-234_lc_liner,1,0.127671,0.461899,0.038757,-8.624,1%,1.0
pks0454-234_lc_liner,2,0.127671,0.454183,0.048073,-6.792,1%,1.0
pks0454-234_lc_liner,3,0.127671,0.465954,0.042911,-7.883,1%,1.0
pks0454-234_lc_liner,4,0.127671,0.464611,0.034711,-9.707,1%,1.0
pks0454-234_lc_liner,5,0.127671,0.456227,0.038199,-8.601,1%,1.0
pks1424-41_lc_liner,1,0.05992,0.45422,0.044684,-8.824,1%,1.0
pks1424-41_lc_liner,2,0.05992,0.452225,0.045662,-8.592,1%,1.0
pks1424-41_lc_liner,3,0.05992,0.460414,0.044568,-8.986,1%,1.0
pks1424-41_lc_liner,4,0.05992,0.454948,0.03817,-10.349,1%,1.0
pks1424-41_lc_liner,5,0.05992,0.451218,0.045125,-8.671,1%,1.0
pks1502+106_lc_liner,1,0.12558,0.447175,0.035439,-9.075,1%,1.0
pks1502+106_lc_liner,2,0.12558,0.447419,0.048638,-6.617,1%,1.0
pks1502+106_lc_liner,3,0.12558,0.457111,0.043463,-7.628,1%,1.0
pks1502+106_lc_liner,4,0.12558,0.468272,0.04766,-7.19,1%,1.0
pks1502+106_lc_liner,5,0.12558,0.463861,0.042628,-7.936,1%,1.0
pks2155-304_lc_liner,1,0.437693,0.497799,0.04847,-1.24,NS,0.875
pks2155-304_lc_liner,2,0.437693,0.485492,0.034526,-1.384,NS,0.9
pks2155-304_lc_liner,3,0.437693,0.489952,0.043681,-1.196,NS,0.875
pks2155-304_lc_liner,4,0.437693,0.496541,0.045385,-1.297,NS,0.9
pks2155-304_lc_liner,5,0.437693,0.482036,0.041971,-1.057,NS,0.825
s5_0716+71_lc_liner,1,0.298862,0.54625,0.045541,-5.432,1%,1.0
s5_0716+71_lc_liner,2,0.298862,0.536404,0.039945,-5.947,1%,1.0
s5_0716+71_lc_liner,3,0.298862,0.538217,0.034066,-7.026,1%,1.0
s5_0716+71_lc_liner,4,0.298862,0.538438,0.044724,-5.357,1%,1.0
s5_0716+71_lc_liner,5,0.298862,0.534752,0.039806,-5.926,1%,1.0
ton599_lc_liner,1,0.201562,0.443204,0.03588,-6.735,1%,1.0
ton599_lc_liner,2,0.201562,0.4374,0.033208,-7.102,1%,1.0
ton599_lc_liner,3,0.201562,0.438842,0.040423,-5.87,1%,1.0
ton599_lc_liner,4,0.201562,0.438045,0.034722,-6.811,1%,1.0
ton599_lc_liner,5,0.201562,0.433526,0.040027,-5.795,1%,1.0
w_comae_lc_liner,1,0.205014,0.420103,0.047264,-4.551,1%,1.0
w_comae_lc_liner,2,0.205014,0.429653,0.043082,-5.214,1%,1.0
w_comae_lc_liner,3,0.205014,0.432923,0.042081,-5.416,1%,1.0
w_comae_lc_liner,4,0.205014,0.42256,0.030037,-7.243,1%,1.0
w_comae_lc_liner,5,0.205014,0.424061,0.040279,-5.438,1%,1.0
