iteration,spectrum_error
1,0.062290104305391295
2,0.02718422624830082
3,0.017791853802420803
4,0.012907318291103777
5,0.009766826253302488
6,0.007579785359333981
7,0.005989666918550466
8,0.004800595840340582
9,0.003889087177379598
10,0.0031762242682958474
11,0.002616165993144556
12,0.0021745054996479105
13,0.0018228148693573214
14,0.001543201027426557
15,0.0013182220874051799
16,0.0011388778548296148
17,0.000991087564288749
18,0.0008714307363394025
19,0.000773093266589643
20,0.0006938677894402858
21,0.0006283710691052321
22,0.0005745631121676397
23,0.000529961594267962
24,0.0004926026639733648
25,0.00046130406010062917
26,0.0004356710219568234
27,0.00041480095727860995
28,0.00039752484977961637
29,0.0003833847723215006
30,0.0003711313155947502
31,0.0003607548702055984
32,0.00035175048428080384
33,0.0003439026819024687
34,0.00033706453136240897
35,0.0003310099760156574
36,0.0003255115820400906
37,0.00032087666063420895
38,0.0003164527463997881
39,0.00031285590590359515
40,0.0003095048978996009
41,0.00030651452647708944
42,0.00030389274375420297
43,0.0003015862342009274
44,0.0002992697049280374
45,0.00029735612194811434
46,0.0002957076441252047
47,0.0002943171704746628
48,0.0002931281047509374
49,0.000292173184592171
50,0.00029130613770322265
51,0.00029042880523786127
52,0.00028950897643884526
53,0.0002887900129660764
54,0.00028803519847611913
55,0.000287276870385779
56,0.0002866725917077552
57,0.0002861628723547037
58,0.00028566005779293165
59,0.00028509700495748077
60,0.00028459905262169874
61,0.00028406324413350923
62,0.0002834804892137751
63,0.00028293004477964514
64,0.00028245210597664465
65,0.00028214085869019095
66,0.0002817917485462383
67,0.0002815233912026051
68,0.00028125209872568893
69,0.00028089176290665486
70,0.00028055493487695024
71,0.00028013595177840114
72,0.0002798496394797828
73,0.00027958607306632834
74,0.00027934892194887294
75,0.00027913199263131954
76,0.0002789378436773659
77,0.0002787895681498363
78,0.00027868197666751886
79,0.0002785897624217127
80,0.00027850217925377927
81,0.00027844593502594024
82,0.0002783970807791608
83,0.00027835697736180304
84,0.00027831784661042926
85,0.000278300239507735
86,0.0002782718415015472
87,0.0002782607502840946
88,0.0002782560611436715
89,0.0002782545455261684
90,0.0002782538608001912
91,0.0002782486950260517
92,0.00027824389185771047
93,0.0002782392802937028
94,0.0002782138432103609
95,0.0002781783671277774
96,0.0002781200988063892
97,0.0002780778957125959
98,0.00027803506602304835
99,0.0002779993015810832
100,0.0002779757878770483
101,0.0002779719152632225
102,0.00027796710998558255
103,0.0002779534581192571
104,0.00027794560517587717
105,0.00027793669972028036
106,0.0002779236879179832
107,0.00027791463926517024
108,0.00027791065334691165
109,0.00027788081629577266
110,0.00027785420811121783
111,0.0002778437131214587
112,0.00027783126328950823
113,0.0002778143644441289
114,0.0002778107268375918
115,0.00027780112474775585
116,0.0002777943741228478
117,0.00027777148061301765
118,0.00027775904959689764
119,0.00027773796568300813
120,0.0002777089545564387
121,0.00027763638370802797
122,0.00027759024758000384
123,0.00027753664479841247
124,0.0002774755222113057
125,0.00027743715227596105
126,0.0002774031714110956
127,0.0002773827684181632
128,0.0002773727936256713
129,0.0002773593306191892
130,0.000277351432964899
131,0.00027735015931744985
132,0.0002773481038596334
133,0.0002773475780628711
134,0.00027734745140218684
135,0.00027734745140218684
